1771245106.841107,0,0,0
1771245106.959698,0,0,0
1771245107.078667,0,0,0
1771245107.197000,0,0,0
1771245107.318734,0,0,0
1771245107.437638,0,0,0
1771245107.556159,0,0,0
1771245107.678489,0,0,0
1771245107.797260,0,0,0
1771245107.918996,0,0,0
1771245108.039710,0,0,0
1771245108.164533,0,0,0
1771245108.292594,0,0,0
1771245108.414275,0,0,0
1771245108.535258,0,0,0
1771245108.655172,0,0,0
1771245108.778981,0,0,0
1771245108.899908,0,0,0
1771245109.026055,0,0,0
1771245109.149106,0,0,0
1771245109.271259,0,0,0
1771245109.390968,0,0,0
1771245109.514723,0,0,0
1771245109.635464,0,0,0
1771245109.758384,0,0,0
1771245109.879236,0,0,0
1771245110.001179,0,0,0
1771245110.125497,0,0,0
1771245110.248297,0,0,0
1771245110.373729,0,0,0
1771245110.497347,0,0,0
1771245110.621522,0,0,0
1771245110.742941,0,0,0
1771245110.863216,0,0,0
1771245110.985006,0,0,0
1771245111.108387,0,0,0
1771245111.231155,0,0,0
1771245111.350343,0,0,0
1771245111.470417,0,0,0
1771245111.590544,0,0,0
1771245111.712172,0,0,0
1771245111.836272,0,0,0
1771245111.958231,0,0,0
1771245112.081462,0,0,0
1771245112.202178,0,0,0
1771245112.321209,0,0,0
1771245112.441721,0,0,0
1771245112.563844,0,0,0
1771245112.685818,0,0,0
1771245112.809093,0,0,0
1771245112.931801,0,0,0
1771245113.056001,0,0,0
1771245113.180958,0,0,0
1771245113.303678,0,0,0
1771245113.428283,0,0,0
1771245113.553129,0,0,0
1771245113.679604,0,0,0
1771245113.804851,0,0,0
1771245113.928461,0,0,0
1771245114.052106,0,0,0
1771245114.176360,0,0,0
1771245114.302219,0,0,0
1771245114.422844,0,0,0
1771245114.544538,0,0,0
1771245114.669691,0,0,0
1771245114.790799,0,0,0
1771245114.912916,0,0,0
1771245115.036364,0,0,0
1771245115.160385,0,0,0
1771245115.284775,0,0,0
1771245115.408970,0,0,0
1771245115.530311,0,0,0
1771245115.651659,0,0,0
1771245115.771414,0,0,0
1771245115.894714,0,0,0
1771245116.018926,0,0,0
1771245116.140434,0,0,0
1771245116.263936,0,0,0
1771245116.389056,0,0,0
1771245116.510358,0,0,0
1771245116.633169,0,0,0
1771245116.757229,0,0,0
1771245116.883902,0,0,0
1771245117.005056,0,0,0
1771245117.124675,0,0,0
1771245117.244585,0,0,0
1771245117.365322,0,0,0
1771245117.491080,0,0,0
1771245117.611034,0,0,0
1771245117.732686,0,0,0
1771245117.854875,0,0,0
1771245117.975748,0,0,0
1771245118.098481,0,0,0
1771245118.220473,0,0,0
1771245118.341077,0,0,0
1771245118.462393,0,0,0
1771245118.582560,0,0,0
1771245118.703124,0,0,0
1771245118.824081,0,0,0
1771245118.949162,0,0,0
1771245119.070444,0,0,0
1771245119.193070,0,0,0
1771245119.314385,0,0,0
1771245119.438092,0,0,0
1771245119.561887,0,0,0
1771245119.689714,0,0,0
1771245119.813455,0,0,0
1771245119.934980,0,0,0
1771245120.056811,0,0,0
1771245120.180036,0,0,0
1771245120.304678,0,0,0
1771245120.426797,0,0,0
1771245120.550392,0,0,0
1771245120.673589,0,0,0
1771245120.796609,0,0,0
1771245120.920841,0,0,0
1771245121.045677,0,0,0
1771245121.167043,0,0,0
1771245121.291815,0,0,0
1771245121.419704,0,0,0
1771245121.545047,0,0,0
1771245121.670104,0,0,0
1771245121.790796,0,0,0
1771245121.915052,0,0,0
1771245122.036232,0,0,0
1771245122.157444,0,0,0
1771245122.280854,0,0,0
1771245122.402786,0,0,0
1771245122.524229,0,0,0
1771245122.648285,0,0,0
1771245122.772157,0,0,0
1771245122.894162,0,0,0
1771245123.014794,0,0,0
1771245123.136674,0,0,0
1771245123.259792,0,0,0
1771245123.383705,0,0,0
1771245123.504303,0,0,0
1771245123.625668,0,0,0
1771245123.752452,0,0,0
1771245123.875258,0,0,0
1771245123.995254,0,0,0
1771245124.118553,0,0,0
1771245124.239476,0,0,0
1771245124.360412,0,0,0
1771245124.483058,0,0,0
1771245124.605043,0,0,0
1771245124.726216,0,0,0
1771245124.846669,0,0,0
1771245124.966365,0,0,0
1771245125.086913,0,0,0
1771245125.210420,0,0,0
1771245125.332321,0,0,0
1771245125.457461,0,0,0
1771245125.581069,0,0,0
1771245125.705438,0,0,0
1771245125.826600,0,0,0
1771245125.948463,0,0,0
1771245126.070615,0,0,0
1771245126.192776,0,0,0
1771245126.313040,0,0,0
1771245126.437303,0,0,0
1771245126.558864,0,0,0
1771245126.680346,0,0,0
1771245126.803260,0,0,0
1771245126.923690,0,0,0
1771245127.046478,0,0,0
1771245127.168695,0,0,0
1771245127.293419,0,0,0
1771245127.415057,0,0,0
1771245127.539658,0,0,0
1771245127.663938,0,0,0
1771245127.784801,0,0,0
1771245127.912228,0,0,0
1771245128.040387,0,0,0
1771245128.164053,0,0,0
1771245128.285647,0,0,0
1771245128.408342,0,0,0
1771245128.532832,0,0,0
1771245128.655712,0,0,0
1771245128.778849,0,0,0
1771245128.899032,0,0,0
1771245129.019509,0,0,0
1771245129.140049,0,0,0
1771245129.263344,0,0,0
1771245129.383335,0,0,0
1771245129.505031,0,0,0
1771245129.627527,0,0,0
1771245129.751877,0,0,0
1771245129.874783,0,0,0
1771245129.996519,0,0,0
1771245130.120104,0,0,0
1771245130.243104,0,0,0
1771245130.365038,0,0,0
1771245130.484172,0,0,0
1771245130.603637,0,0,0
1771245130.732258,0,0,0
1771245130.856112,0,0,0
1771245130.980933,0,0,0
1771245131.102891,0,0,0
1771245131.224512,0,0,0
1771245131.348362,0,0,0
1771245131.472830,0,0,0
1771245131.597019,0,0,0
1771245131.718955,0,0,0
1771245131.844079,0,0,0
1771245131.971818,0,0,0
1771245132.094340,0,0,0
1771245132.216029,0,0,0
1771245132.338544,0,0,0
1771245132.460371,0,0,0
1771245132.583598,0,0,0
1771245132.709293,0,0,0
1771245132.832353,0,0,0
1771245132.960218,0,0,0
1771245133.082429,0,0,0
1771245133.202199,0,0,0
1771245133.322137,0,0,0
1771245133.441376,0,0,0
1771245133.561100,0,0,0
1771245133.680477,0,0,0
1771245133.802814,0,0,0
1771245133.922551,0,0,0
1771245134.044373,0,0,0
1771245134.165495,0,0,0
1771245134.288548,0,0,0
1771245134.410505,0,0,0
1771245134.530629,0,0,0
1771245134.651294,0,0,0
1771245134.771278,0,0,0
1771245134.894553,0,0,0
1771245135.014878,0,0,0
1771245135.136023,0,0,0
1771245135.258830,0,0,0
1771245135.378785,0,0,0
1771245135.498822,0,0,0
1771245135.618704,0,0,0
1771245135.738693,0,0,0
1771245135.858934,0,0,0
1771245135.982220,0,0,0
1771245136.103730,0,0,0
1771245136.222897,0,0,0
1771245136.342308,0,0,0
1771245136.463556,0,0,0
1771245136.588608,0,0,0
1771245136.710075,0,0,0
1771245136.830187,0,0,0
1771245136.950520,0,0,0
1771245137.072675,0,0,0
1771245137.194523,0,0,0
1771245137.314835,0,0,0
1771245137.435587,0,0,0
1771245137.562805,0,0,0
1771245137.682954,0,0,0
1771245137.804892,0,0,0
1771245137.926922,0,0,0
1771245138.046841,0,0,0
1771245138.166530,0,0,0
1771245138.286764,0,0,0
1771245138.412292,0,0,0
1771245138.538048,0,0,0
1771245138.658876,0,0,0
1771245138.778287,0,0,0
1771245138.898542,0,0,0
1771245139.018787,0,0,0
1771245139.138445,0,0,0
1771245139.258563,0,0,0
1771245139.378377,0,0,0
1771245139.499941,0,0,0
1771245139.622053,0,0,0
1771245139.741428,0,0,0
1771245139.862700,0,0,0
1771245139.981875,0,0,0
1771245140.102709,0,0,0
1771245140.222986,0,0,0
1771245140.344656,0,0,0
1771245140.468680,0,0,0
1771245140.593652,0,0,0
1771245140.718532,0,0,0
1771245140.843823,0,0,0
1771245140.972918,0,0,0
1771245141.094037,0,0,0
1771245141.215083,0,0,0
1771245141.334798,0,0,0
1771245141.457074,0,0,0
1771245141.579809,0,0,0
1771245141.700454,0,0,0
1771245141.824507,0,0,0
1771245141.944952,0,0,0
1771245142.065890,0,0,0
1771245142.186961,0,0,0
1771245142.308138,0,0,0
1771245142.429058,0,0,0
1771245142.550278,0,0,0
1771245142.672779,0,0,0
1771245142.793534,0,0,0
1771245142.916354,0,0,0
1771245143.037439,0,0,0
1771245143.160128,0,0,0
1771245143.284342,0,0,0
1771245143.408658,0,0,0
1771245143.532322,0,0,0
1771245143.656356,0,0,0
1771245143.780510,0,0,0
1771245143.904464,0,0,0
1771245144.032681,0,0,0
1771245144.151977,0,0,0
1771245144.274920,0,0,0
1771245144.396533,0,0,0
1771245144.518676,0,0,0
1771245144.638530,0,0,0
1771245144.758249,0,0,0
1771245144.876666,0,0,0
1771245145.003077,0,0,0
1771245145.121644,0,0,0
1771245145.245326,0,0,0
1771245145.369156,0,0,0
1771245145.493758,0,0,0
1771245145.619635,0,0,0
1771245145.740589,0,0,0
1771245145.864833,0,0,0
1771245145.988141,0,0,0
1771245146.109290,0,0,0
1771245146.232627,0,0,0
1771245146.356577,0,0,0
1771245146.480842,0,0,0
1771245146.604668,0,0,0
1771245146.728597,0,0,0
1771245146.852612,0,0,0
1771245146.973003,0,0,0
1771245147.095985,0,0,0
1771245147.218626,0,0,0
1771245147.338760,0,0,0
1771245147.458769,0,0,0
1771245147.578844,0,0,0
1771245147.698691,0,0,0
1771245147.820706,0,0,0
1771245147.942902,0,0,0
1771245148.062827,0,0,0
1771245148.182656,0,0,0
1771245148.303982,0,0,0
1771245148.428280,0,0,0
1771245148.549082,0,0,0
1771245148.670266,0,0,0
1771245148.791623,0,0,0
1771245148.916772,0,0,0
1771245149.043763,0,0,0
1771245149.168819,0,0,0
1771245149.290074,0,0,0
1771245149.412748,0,0,0
1771245149.536488,0,0,0
1771245149.660662,0,0,0
1771245149.784345,0,0,0
1771245149.908507,0,0,0
1771245150.032570,0,0,0
1771245150.151662,0,0,0
1771245150.274690,0,0,0
1771245150.396693,0,0,0
1771245150.520887,0,0,0
1771245150.640208,0,0,0
1771245150.761834,0,0,0
1771245150.881787,0,0,0
1771245151.003565,0,0,0
1771245151.129238,0,0,0
1771245151.253859,0,0,0
1771245151.375444,0,0,0
1771245151.505583,0,0,0
1771245151.625455,0,0,0
1771245151.749802,0,0,0
1771245151.873051,0,0,0
1771245151.992224,0,0,0
1771245152.111364,0,0,0
1771245152.234699,0,0,0
1771245152.357542,0,0,0
1771245152.481167,0,0,0
1771245152.602555,0,0,0
1771245152.722614,0,0,0
1771245152.844006,0,0,0
1771245152.966739,0,0,0
1771245153.086735,0,0,0
1771245153.207215,0,0,0
1771245153.328166,0,0,0
1771245153.448595,0,0,0
1771245153.569193,0,0,0
1771245153.692225,0,0,0
1771245153.813108,0,0,0
1771245153.936404,0,0,0
1771245154.064343,0,0,0
1771245154.185559,0,0,0
1771245154.306029,0,0,0
1771245154.428221,0,0,0
1771245154.552722,0,0,0
1771245154.676734,0,0,0
1771245154.800552,0,0,0
1771245154.921672,0,0,0
1771245155.042228,0,0,0
1771245155.165145,0,0,0
1771245155.288463,0,0,0
1771245155.412704,0,0,0
1771245155.536282,0,0,0
1771245155.660678,0,0,0
1771245155.787861,0,0,0
1771245155.915695,0,0,0
1771245156.044117,0,0,0
1771245156.171919,0,0,0
1771245156.303746,0,0,0
1771245156.432021,0,0,0
1771245156.560351,0,0,0
1771245156.688228,0,0,0
1771245156.816308,0,0,0
1771245156.941794,0,0,0
1771245157.067844,0,0,0
1771245157.191887,0,0,0
1771245157.316217,0,0,0
1771245157.444007,0,0,0
1771245157.570911,0,0,0
1771245157.696088,0,0,0
1771245157.824846,0,0,0
1771245157.949670,0,0,0
1771245158.078673,0,0,0
1771245158.202711,0,0,0
1771245158.327419,0,0,0
1771245158.455882,0,0,0
1771245158.584189,0,0,0
1771245158.711743,0,0,0
1771245158.839869,0,0,0
1771245158.966961,0,0,0
1771245159.090708,0,0,0
1771245159.211345,0,0,0
1771245159.332387,0,0,0
1771245159.456095,0,0,0
1771245159.580272,0,0,0
1771245159.701170,0,0,0
1771245159.820811,0,0,0
1771245159.944615,0,0,0
1771245160.063563,0,0,0
1771245160.182755,0,0,0
1771245160.303246,0,0,0
1771245160.423224,0,0,0
1771245160.545132,0,0,0
1771245160.667572,0,0,0
1771245160.788004,0,0,0
1771245160.911263,0,0,0
1771245161.031039,0,0,0
1771245161.151019,0,0,0
1771245161.273980,0,0,0
1771245161.394825,0,0,0
1771245161.514993,0,0,0
1771245161.638881,0,0,0
1771245161.758628,0,0,0
1771245161.879356,0,0,0
1771245161.998643,0,0,0
1771245162.122321,0,0,0
1771245162.241514,0,0,0
1771245162.364436,0,0,0
1771245162.486533,0,0,0
1771245162.610212,0,0,0
1771245162.735210,0,0,0
1771245162.863090,0,0,0
1771245162.986830,0,0,0
1771245163.113481,0,0,0
1771245163.237728,0,0,0
1771245163.363733,0,0,0
1771245163.484424,0,0,0
1771245163.605647,0,0,0
1771245163.729292,0,0,0
1771245163.849756,0,0,0
1771245163.970543,0,0,0
1771245164.090393,0,0,0
1771245164.209940,0,0,0
1771245164.330502,0,0,0
1771245164.451273,0,0,0
1771245164.572324,0,0,0
1771245164.693582,0,0,0
1771245164.816292,0,0,0
1771245164.940607,0,0,0
1771245165.061705,0,0,0
1771245165.184179,0,0,0
1771245165.305087,0,0,0
1771245165.428412,0,0,0
1771245165.552492,0,0,0
1771245165.674247,0,0,0
1771245165.796253,0,0,0
1771245165.917324,0,0,0
1771245166.036780,0,0,0
1771245166.157151,0,0,0
1771245166.279196,0,0,0
1771245166.399886,0,0,0
1771245166.525097,0,0,0
1771245166.648643,0,0,0
1771245166.771179,0,0,0
1771245166.891139,0,0,0
1771245167.013781,0,0,0
1771245167.138238,0,0,0
1771245167.261963,0,0,0
1771245167.387344,0,0,0
1771245167.515547,0,0,0
1771245167.643322,0,0,0
1771245167.771464,0,0,0
1771245167.899527,0,0,0
1771245168.027566,0,0,0
1771245168.152682,0,0,0
1771245168.273433,0,0,0
1771245168.396557,0,0,0
1771245168.519774,0,0,0
1771245168.645944,0,0,0
1771245168.769516,0,0,0
1771245168.892980,0,0,0
1771245169.016001,0,0,0
1771245169.134863,0,0,0
1771245169.259870,0,0,0
1771245169.384381,0,0,0
1771245169.512744,0,0,0
1771245169.637487,0,0,0
1771245169.762196,0,0,0
1771245169.887642,0,0,0
1771245170.016088,0,0,0
1771245170.140473,0,0,0
1771245170.261253,0,0,0
1771245170.380235,0,0,0
1771245170.505733,0,0,0
1771245170.625708,0,0,0
1771245170.745013,0,0,0
1771245170.866975,0,0,0
1771245170.990561,0,0,0
1771245171.110513,0,0,0
1771245171.230641,0,0,0
1771245171.350622,0,0,0
1771245171.471324,0,0,0
1771245171.591129,0,0,0
1771245171.710763,0,0,0
1771245171.836108,0,0,0
1771245171.955399,0,0,0
1771245172.077441,0,0,0
1771245172.200741,0,0,0
1771245172.325007,0,0,0
1771245172.447304,0,0,0
1771245172.571214,0,0,0
1771245172.691831,0,0,0
1771245172.818068,0,0,0
1771245172.943797,0,0,0
1771245173.067153,0,0,0
1771245173.188377,0,0,0
1771245173.312730,0,0,0
1771245173.433226,0,0,0
1771245173.556262,0,0,0
1771245173.680271,0,0,0
1771245173.800814,0,0,0
1771245173.924561,0,0,0
1771245174.048157,0,0,0
1771245174.173301,0,0,0
1771245174.296505,0,0,0
1771245174.420798,0,0,0
1771245174.543860,0,0,0
1771245174.668846,0,0,0
1771245174.791656,0,0,0
1771245174.916514,0,0,0
1771245175.040572,0,0,0
1771245175.164270,0,0,0
1771245175.288240,0,0,0
1771245175.415728,0,0,0
1771245175.543586,0,0,0
1771245175.671641,0,0,0
1771245175.795639,0,0,0
1771245175.920172,0,0,0
1771245176.044497,0,0,0
1771245176.173517,0,0,0
1771245176.297385,0,0,0
1771245176.419877,0,0,0
1771245176.544896,0,0,0
1771245176.666683,0,0,0
1771245176.786799,0,0,0
1771245176.906810,0,0,0
1771245177.027923,0,0,0
1771245177.147731,0,0,0
1771245177.266916,0,0,0
1771245177.386882,0,0,0
1771245177.506488,0,0,0
1771245177.628095,0,0,0
1771245177.750612,0,0,0
1771245177.870618,0,0,0
1771245177.992671,0,0,0
1771245178.116967,0,0,0
1771245178.238924,0,0,0
1771245178.361519,0,0,0
1771245178.482480,0,0,0
1771245178.603153,0,0,0
1771245178.722747,0,0,0
1771245178.842230,0,0,0
1771245178.964550,0,0,0
1771245179.088658,0,0,0
1771245179.212881,0,0,0
1771245179.335872,0,0,0
1771245179.462681,0,0,0
1771245179.582926,0,0,0
1771245179.702677,0,0,0
1771245179.821394,0,0,0
1771245179.944373,0,0,0
1771245180.065279,0,0,0
1771245180.187607,0,0,0
1771245180.311064,0,0,0
1771245180.430655,0,0,0
1771245180.549318,0,0,0
1771245180.674163,0,0,0
1771245180.797424,0,0,0
1771245180.917863,0,0,0
1771245181.038703,0,0,0
1771245181.160856,0,0,0
1771245181.285909,0,0,0
1771245181.413024,0,0,0
1771245181.538042,0,0,0
1771245181.660759,0,0,0
1771245181.786588,0,0,0
1771245181.907802,0,0,0
1771245182.031557,0,0,0
1771245182.157329,0,0,0
1771245182.281656,0,0,0
1771245182.404587,0,0,0
1771245182.528587,0,0,0
1771245182.650764,0,0,0
1771245182.775169,0,0,0
1771245182.899866,0,0,0
1771245183.024443,0,0,0
1771245183.148446,0,0,0
1771245183.271963,0,0,0
1771245183.395322,0,0,0
1771245183.514870,0,0,0
1771245183.637068,0,0,0
1771245183.759005,0,0,0
1771245183.879862,0,0,0
1771245184.003142,0,0,0
1771245184.122752,0,0,0
1771245184.244887,0,0,0
1771245184.365970,0,0,0
1771245184.486470,0,0,0
1771245184.608082,0,0,0
1771245184.732616,0,0,0
1771245184.853413,0,0,0
1771245184.977354,0,0,0
1771245185.098195,0,0,0
1771245185.217145,0,0,0
1771245185.338331,0,0,0
1771245185.460763,0,0,0
1771245185.584954,0,0,0
1771245185.706920,0,0,0
1771245185.829492,0,0,0
1771245185.950598,0,0,0
1771245186.075316,0,0,0
1771245186.198908,0,0,0
1771245186.323671,0,0,0
1771245186.451322,0,0,0
1771245186.579795,0,0,0
1771245186.707607,0,0,0
1771245186.835295,0,0,0
1771245186.963431,0,0,0
1771245187.091459,0,0,0
1771245187.212295,0,0,0
1771245187.336257,0,0,0
1771245187.460581,0,0,0
1771245187.584365,0,0,0
1771245187.708929,0,0,0
1771245187.833205,0,0,0
1771245187.956462,0,0,0
1771245188.080442,0,0,0
1771245188.204375,0,0,0
1771245188.328411,0,0,0
1771245188.452477,0,0,0
1771245188.573785,0,0,0
1771245188.694526,0,0,0
1771245188.816492,0,0,0
1771245188.940606,0,0,0
1771245189.061301,0,0,0
1771245189.184482,0,0,0
1771245189.305276,0,0,0
1771245189.428840,0,0,0
1771245189.554337,0,0,0
1771245189.678534,0,0,0
1771245189.804378,0,0,0
1771245189.931810,0,0,0
1771245190.060281,0,0,0
1771245190.188046,0,0,0
1771245190.316492,0,0,0
1771245190.441050,0,0,0
1771245190.568151,0,0,0
1771245190.695277,0,0,0
1771245190.823969,0,0,0
1771245190.948795,0,0,0
1771245191.073653,0,0,0
1771245191.200121,0,0,0
1771245191.327942,0,0,0
1771245191.448751,0,0,0
1771245191.569528,0,0,0
1771245191.693320,0,0,0
1771245191.814118,0,0,0
1771245191.937976,0,0,0
1771245192.058712,0,0,0
1771245192.179103,0,0,0
1771245192.300058,0,0,0
1771245192.424061,0,0,0
1771245192.547865,0,0,0
1771245192.670996,0,0,0
1771245192.794419,0,0,0
1771245192.919095,0,0,0
1771245193.043174,0,0,0
1771245193.164027,0,0,0
1771245193.288317,0,0,0
1771245193.412436,0,0,0
1771245193.536583,0,0,0
1771245193.657147,0,0,0
1771245193.782278,0,0,0
1771245193.904471,0,0,0
1771245194.028519,0,0,0
1771245194.149313,0,0,0
1771245194.271816,0,0,0
1771245194.392712,0,0,0
1771245194.513193,0,0,0
1771245194.636444,0,0,0
1771245194.760646,0,0,0
1771245194.884731,0,0,0
1771245195.008300,0,0,0
1771245195.132300,0,0,0
1771245195.256270,0,0,0
1771245195.382806,0,0,0
1771245195.507458,0,0,0
1771245195.631837,0,0,0
1771245195.751387,0,0,0
1771245195.874658,0,0,0
1771245195.996885,0,0,0
1771245196.121590,0,0,0
1771245196.248073,0,0,0
1771245196.376199,0,0,0
1771245196.499399,0,0,0
1771245196.627713,0,0,0
1771245196.756191,0,0,0
1771245196.885572,0,0,0
1771245197.011726,0,0,0
1771245197.139777,0,0,0
1771245197.268013,0,0,0
1771245197.390965,0,0,0
1771245197.514376,0,0,0
1771245197.639412,0,0,0
1771245197.764807,0,0,0
1771245197.888908,0,0,0
1771245198.012610,0,0,0
1771245198.137074,0,0,0
1771245198.260192,0,0,0
1771245198.385170,0,0,0
1771245198.508181,0,0,0
1771245198.629257,0,0,0
1771245198.750372,0,0,0
1771245198.872459,0,0,0
1771245198.996424,0,0,0
1771245199.120522,0,0,0
1771245199.244767,0,0,0
1771245199.372529,0,0,0
1771245199.499931,0,0,0
1771245199.623160,0,0,0
1771245199.747931,0,0,0
1771245199.874909,0,0,0
1771245200.000650,0,0,0
1771245200.132891,0,0,0
1771245200.261367,0,0,0
1771245200.385798,0,0,0
1771245200.511419,0,0,0
1771245200.639658,0,0,0
1771245200.760410,0,0,0
1771245200.878997,0,0,0
1771245200.999010,0,0,0
1771245201.120705,0,0,0
1771245201.239748,0,0,0
1771245201.360898,0,0,0
1771245201.482748,0,0,0
1771245201.604927,0,0,0
1771245201.728841,0,0,0
1771245201.851675,0,0,0
1771245201.975837,0,0,0
1771245202.099808,0,0,0
1771245202.222897,0,0,0
1771245202.343323,0,0,0
1771245202.471602,0,0,0
1771245202.593366,0,0,0
1771245202.715590,0,0,0
1771245202.838947,0,0,0
1771245202.958819,0,0,0
1771245203.079102,0,0,0
1771245203.199237,0,0,0
1771245203.320048,0,0,0
1771245203.444761,0,0,0
1771245203.565237,0,0,0
1771245203.688683,0,0,0
1771245203.809966,0,0,0
1771245203.931799,0,0,0
1771245204.057040,0,0,0
1771245204.180307,0,0,0
1771245204.308432,0,0,0
1771245204.434305,0,0,0
1771245204.555507,0,0,0
1771245204.676463,0,0,0
1771245204.801731,0,0,0
1771245204.925436,0,0,0
1771245205.046961,0,0,0
1771245205.167101,0,0,0
1771245205.287212,0,0,0
1771245205.407116,0,0,0
1771245205.528394,0,0,0
1771245205.647686,0,0,0
1771245205.770791,0,0,0
1771245205.890876,0,0,0
1771245206.013643,0,0,0
1771245206.137254,0,0,0
1771245206.258142,0,0,0
1771245206.378421,0,0,0
1771245206.497578,0,0,0
1771245206.617279,0,0,0
1771245206.738571,0,0,0
1771245206.858404,0,0,0
1771245206.981129,0,0,0
1771245207.103033,0,0,0
1771245207.226655,0,0,0
1771245207.348818,0,0,0
1771245207.470708,0,0,0
1771245207.593893,0,0,0
1771245207.713045,0,0,0
1771245207.834379,0,0,0
1771245207.953787,0,0,0
1771245208.077149,0,0,0
1771245208.201131,0,0,0
1771245208.328678,0,0,0
1771245208.449550,0,0,0
1771245208.572378,0,0,0
1771245208.696353,0,0,0
1771245208.820564,0,0,0
1771245208.944732,0,0,0
1771245209.069282,0,0,0
1771245209.190223,0,0,0
1771245209.312670,0,0,0
1771245209.433414,0,0,0
1771245209.557923,0,0,0
1771245209.683946,0,0,0
1771245209.808737,0,0,0
1771245209.935683,0,0,0
1771245210.063768,0,0,0
1771245210.191713,0,0,0
1771245210.319324,0,0,0
1771245210.441016,0,0,0
1771245210.564688,0,0,0
1771245210.691436,0,0,0
1771245210.819280,0,0,0
1771245210.939931,0,0,0
1771245211.060950,0,0,0
1771245211.184179,0,0,0
1771245211.304675,0,0,0
1771245211.428552,0,0,0
1771245211.552343,0,0,0
1771245211.676464,0,0,0
1771245211.796703,0,0,0
1771245211.918421,0,0,0
1771245212.040434,0,0,0
1771245212.164458,0,0,0
1771245212.288515,0,0,0
1771245212.412463,0,0,0
1771245212.536645,0,0,0
1771245212.660733,0,0,0
1771245212.784732,0,0,0
1771245212.908597,0,0,0
1771245213.032973,0,0,0
1771245213.156449,0,0,0
1771245213.280367,0,0,0
1771245213.404504,0,0,0
1771245213.528283,0,0,0
1771245213.652708,0,0,0
1771245213.776558,0,0,0
1771245213.901105,0,0,0
1771245214.024954,0,0,0
1771245214.148856,0,0,0
1771245214.272750,0,0,0
1771245214.397039,0,0,0
1771245214.521272,0,0,0
1771245214.644690,0,0,0
1771245214.769027,0,0,0
1771245214.893152,0,0,0
1771245215.017465,0,0,0
1771245215.138660,0,0,0
1771245215.260701,0,0,0
1771245215.385041,0,0,0
1771245215.508704,0,0,0
1771245215.630200,0,0,0
1771245215.752843,0,0,0
1771245215.876838,0,0,0
1771245216.000852,0,0,0
1771245216.124728,0,0,0
1771245216.248723,0,0,0
1771245216.371402,0,0,0
1771245216.492078,0,0,0
1771245216.615564,0,0,0
1771245216.738892,0,0,0
1771245216.858608,0,0,0
1771245216.979091,0,0,0
1771245217.100954,0,0,0
1771245217.222644,0,0,0
1771245217.342583,0,0,0
1771245217.464901,0,0,0
1771245217.586557,0,0,0
1771245217.706370,0,0,0
1771245217.826191,0,0,0
1771245217.946487,0,0,0
1771245218.066685,0,0,0
1771245218.188642,0,0,0
1771245218.311570,0,0,0
1771245218.435033,0,0,0
1771245218.556485,0,0,0
1771245218.678891,0,0,0
1771245218.802757,0,0,0
1771245218.926647,0,0,0
1771245219.051344,0,0,0
1771245219.180039,0,0,0
1771245219.307935,0,0,0
1771245219.435768,0,0,0
1771245219.566816,0,0,0
1771245219.692256,0,0,0
1771245219.819452,0,0,0
1771245219.947457,0,0,0
1771245220.075407,0,0,0
1771245220.203904,0,0,0
1771245220.332099,0,0,0
1771245220.451378,0,0,0
1771245220.574870,0,0,0
1771245220.694951,0,0,0
1771245220.814472,0,0,0
1771245220.935235,0,0,0
1771245221.054016,0,0,0
1771245221.175165,0,0,0
1771245221.298863,0,0,0
1771245221.418773,0,0,0
1771245221.538213,0,0,0
1771245221.663782,0,0,0
1771245221.787123,0,0,0
1771245221.907033,0,0,0
1771245222.029147,0,0,0
1771245222.148430,0,0,0
1771245222.276701,0,0,0
1771245222.402003,0,0,0
1771245222.521877,0,0,0
1771245222.642801,0,0,0
1771245222.764926,0,0,0
1771245222.889006,0,0,0
1771245223.010599,0,0,0
1771245223.130880,0,0,0
1771245223.249613,0,0,0
1771245223.373021,0,0,0
1771245223.494752,0,0,0
1771245223.614532,0,0,0
1771245223.734756,0,0,0
1771245223.853803,0,0,0
1771245223.977693,0,0,0
1771245224.103730,0,0,0
1771245224.232229,0,0,0
1771245224.356079,0,0,0
1771245224.484004,0,0,0
1771245224.611255,0,0,0
1771245224.739042,0,0,0
1771245224.863352,0,0,0
1771245224.992232,0,0,0
1771245225.120505,0,0,0
1771245225.248219,0,0,0
1771245225.372201,0,0,0
1771245225.499934,0,0,0
1771245225.627917,0,0,0
1771245225.755552,0,0,0
1771245225.883821,0,0,0
1771245226.011604,0,0,0
1771245226.139553,0,0,0
1771245226.267670,0,0,0
1771245226.395915,0,0,0
1771245226.523485,0,0,0
1771245226.651328,0,0,0
1771245226.779235,0,0,0
1771245226.907362,0,0,0
1771245227.035346,0,0,0
1771245227.163234,0,0,0
1771245227.287195,0,0,0
1771245227.411369,0,0,0
1771245227.535556,0,0,0
1771245227.659912,0,0,0
1771245227.786297,0,0,0
1771245227.912029,0,0,0
1771245228.040138,0,0,0
1771245228.168036,0,0,0
1771245228.295929,0,0,0
1771245228.424584,0,0,0
1771245228.549555,0,0,0
1771245228.677134,0,0,0
1771245228.804445,0,0,0
1771245228.931924,0,0,0
1771245229.059426,0,0,0
1771245229.187529,0,0,0
1771245229.315337,0,0,0
1771245229.444332,0,0,0
1771245229.565373,0,0,0
1771245229.686446,0,0,0
1771245229.807139,0,0,0
1771245229.927745,0,0,0
1771245230.048161,0,0,0
1771245230.168680,0,0,0
1771245230.290012,0,0,0
1771245230.412692,0,0,0
1771245230.536956,0,0,0
1771245230.660839,0,0,0
1771245230.784890,0,0,0
1771245230.908836,0,0,0
1771245231.033123,0,0,0
1771245231.156795,0,0,0
1771245231.280751,0,0,0
1771245231.404702,0,0,0
1771245231.527965,0,0,0
1771245231.656702,0,0,0
1771245231.783856,0,0,0
1771245231.911994,0,0,0
1771245232.040628,0,0,0
1771245232.168275,0,0,0
1771245232.295761,0,0,0
1771245232.423649,0,0,0
1771245232.555384,0,0,0
1771245232.683322,0,0,0
1771245232.807487,0,0,0
1771245232.931348,0,0,0
1771245233.056354,0,0,0
1771245233.183890,0,0,0
1771245233.308637,0,0,0
1771245233.436303,0,0,0
1771245233.561536,0,0,0
1771245233.688345,0,0,0
1771245233.812537,0,0,0
1771245233.939934,0,0,0
1771245234.067965,0,0,0
1771245234.196779,0,0,0
1771245234.324182,0,0,0
1771245234.451719,0,0,0
1771245234.575875,0,0,0
1771245234.703374,0,0,0
1771245234.827672,0,0,0
1771245234.947105,0,0,0
1771245235.067356,0,0,0
1771245235.193276,0,0,0
1771245235.316776,0,0,0
1771245235.441202,0,0,0
1771245235.561844,0,0,0
1771245235.680778,0,0,0
1771245235.799692,0,0,0
1771245235.922648,0,0,0
1771245236.042480,0,0,0
1771245236.164096,0,0,0
1771245236.286813,0,0,0
1771245236.408580,0,0,0
1771245236.533043,0,0,0
1771245236.654727,0,0,0
1771245236.776028,0,0,0
1771245236.895868,0,0,0
1771245237.016776,0,0,0
1771245237.142159,0,0,0
1771245237.261634,0,0,0
1771245237.380506,0,0,0
1771245237.501698,0,0,0
1771245237.621765,0,0,0
1771245237.742532,0,0,0
1771245237.863458,0,0,0
1771245237.989720,0,0,0
1771245238.111652,0,0,0
1771245238.237261,0,0,0
1771245238.358183,0,0,0
1771245238.481177,0,0,0
1771245238.600564,0,0,0
1771245238.725539,0,0,0
1771245238.847284,0,0,0
1771245238.969271,0,0,0
1771245239.091206,0,0,0
1771245239.212647,0,0,0
1771245239.335997,0,0,0
1771245239.458955,0,0,0
1771245239.585045,0,0,0
1771245239.705985,0,0,0
1771245239.828586,0,0,0
1771245239.949557,0,0,0
1771245240.072425,0,0,0
1771245240.196299,0,0,0
1771245240.320072,0,0,0
1771245240.445064,0,0,0
1771245240.564963,0,0,0
1771245240.687046,0,0,0
1771245240.806704,0,0,0
1771245240.926929,0,0,0
1771245241.049230,0,0,0
1771245241.176775,0,0,0
1771245241.297957,0,0,0
1771245241.419532,0,0,0
1771245241.542536,0,0,0
1771245241.662295,0,0,0
1771245241.782912,0,0,0
1771245241.903543,0,0,0
1771245242.026974,0,0,0
1771245242.146556,0,0,0
1771245242.270471,0,0,0
1771245242.390147,0,0,0
1771245242.510932,0,0,0
1771245242.632856,0,0,0
1771245242.756085,0,0,0
1771245242.879481,0,0,0
1771245243.002552,0,0,0
1771245243.123179,0,0,0
1771245243.247623,0,0,0
1771245243.367018,0,0,0
1771245243.490681,0,0,0
1771245243.614797,0,0,0
1771245243.738825,0,0,0
1771245243.859919,0,0,0
1771245243.980598,0,0,0
1771245244.104368,0,0,0
1771245244.223645,0,0,0
1771245244.342617,0,0,0
1771245244.463663,0,0,0
1771245244.586774,0,0,0
1771245244.707096,0,0,0
1771245244.827363,0,0,0
1771245244.947018,0,0,0
1771245245.070071,0,0,0
1771245245.193719,0,0,0
1771245245.315212,0,0,0
1771245245.434606,0,0,0
1771245245.554704,0,0,0
1771245245.673404,0,0,0
1771245245.792083,0,0,0
1771245245.912438,0,0,0
1771245246.036647,0,0,0
1771245246.160468,0,0,0
1771245246.284566,0,0,0
1771245246.408499,0,0,0
1771245246.532776,0,0,0
1771245246.656377,0,0,0
1771245246.784496,0,0,0
1771245246.905674,0,0,0
1771245247.026617,0,0,0
1771245247.147928,0,0,0
1771245247.270006,0,0,0
1771245247.392292,0,0,0
1771245247.513742,0,0,0
1771245247.633340,0,0,0
1771245247.755895,0,0,0
1771245247.877508,0,0,0
1771245247.998657,0,0,0
1771245248.121097,0,0,0
1771245248.242102,0,0,0
1771245248.361231,0,0,0
1771245248.484349,0,0,0
1771245248.606070,0,0,0
1771245248.729274,0,0,0
1771245248.852725,0,0,0
1771245248.974775,0,0,0
1771245249.097810,0,0,0
1771245249.223905,0,0,0
1771245249.348154,0,0,0
1771245249.471063,0,0,0
1771245249.592129,0,0,0
1771245249.714839,0,0,0
1771245249.835089,0,0,0
1771245249.954586,0,0,0
1771245250.074637,0,0,0
1771245250.194705,0,0,0
1771245250.314900,0,0,0
1771245250.434776,0,0,0
1771245250.555500,0,0,0
1771245250.679256,0,0,0
1771245250.804972,0,0,0
1771245250.927324,0,0,0
1771245251.048537,0,0,0
1771245251.170614,0,0,0
1771245251.292787,0,0,0
1771245251.416917,0,0,0
1771245251.541453,0,0,0
1771245251.661649,0,0,0
1771245251.782426,0,0,0
1771245251.904288,0,0,0
1771245252.029007,0,0,0
1771245252.152444,0,0,0
1771245252.274873,0,0,0
1771245252.394509,0,0,0
1771245252.514705,0,0,0
1771245252.636464,0,0,0
1771245252.760627,0,0,0
1771245252.882863,0,0,0
1771245253.005645,0,0,0
1771245253.128898,0,0,0
1771245253.252821,0,0,0
1771245253.374584,0,0,0
1771245253.496379,0,0,0
1771245253.618607,0,0,0
1771245253.742408,0,0,0
1771245253.861518,0,0,0
1771245253.983791,0,0,0
1771245254.107639,0,0,0
1771245254.232747,0,0,0
1771245254.352133,0,0,0
1771245254.474920,0,0,0
1771245254.596527,0,0,0
1771245254.718973,0,0,0
1771245254.837971,0,0,0
1771245254.961677,0,0,0
1771245255.083074,0,0,0
1771245255.204029,0,0,0
1771245255.325421,0,0,0
1771245255.447247,0,0,0
1771245255.569525,0,0,0
1771245255.689477,0,0,0
1771245255.811134,0,0,0
1771245255.930844,0,0,0
1771245256.051122,0,0,0
1771245256.173709,0,0,0
1771245256.294848,0,0,0
1771245256.416204,0,0,0
1771245256.540508,0,0,0
1771245256.668518,0,0,0
1771245256.799239,0,0,0
1771245256.920421,0,0,0
1771245257.041879,0,0,0
1771245257.163137,0,0,0
1771245257.283652,0,0,0
1771245257.402840,0,0,0
1771245257.524620,0,0,0
1771245257.648884,0,0,0
1771245257.773344,0,0,0
1771245257.894610,0,0,0
1771245258.017190,0,0,0
1771245258.141093,0,0,0
1771245258.264134,0,0,0
1771245258.391253,0,0,0
1771245258.513048,0,0,0
1771245258.636190,0,0,0
1771245258.759204,0,0,0
1771245258.880057,0,0,0
1771245259.002677,0,0,0
1771245259.123444,0,0,0
1771245259.247221,0,0,0
1771245259.366865,0,0,0
1771245259.490647,0,0,0
1771245259.611090,0,0,0
1771245259.733466,0,0,0
1771245259.854872,0,0,0
1771245259.975321,0,0,0
1771245260.099750,0,0,0
1771245260.220372,0,0,0
1771245260.344123,0,0,0
1771245260.468586,0,0,0
1771245260.592808,0,0,0
1771245260.714252,0,0,0
1771245260.836684,0,0,0
1771245260.955803,0,0,0
1771245261.078523,0,0,0
1771245261.201305,0,0,0
1771245261.325219,0,0,0
1771245261.447017,0,0,0
1771245261.568321,0,0,0
1771245261.691835,0,0,0
1771245261.814670,0,0,0
1771245261.936739,0,0,0
1771245262.058531,0,0,0
1771245262.180786,0,0,0
1771245262.304776,0,0,0
1771245262.428665,0,0,0
1771245262.548731,0,0,0
1771245262.669987,0,0,0
1771245262.790102,0,0,0
1771245262.909237,0,0,0
1771245263.028372,0,0,0
1771245263.150578,0,0,0
1771245263.273597,0,0,0
1771245263.396477,0,0,0
1771245263.521271,0,0,0
1771245263.644538,0,0,0
1771245263.769587,0,0,0
1771245263.890792,0,0,0
1771245264.012546,0,0,0
1771245264.139702,0,0,0
1771245264.267797,0,0,0
1771245264.393247,0,0,0
1771245264.516700,0,0,0
1771245264.645068,0,0,0
1771245264.765495,0,0,0
1771245264.887051,0,0,0
1771245265.007163,0,0,0
1771245265.130870,0,0,0
1771245265.251716,0,0,0
1771245265.380175,0,0,0
1771245265.501567,0,0,0
1771245265.622385,0,0,0
1771245265.743419,0,0,0
1771245265.863763,0,0,0
1771245265.987806,0,0,0
1771245266.112241,0,0,0
1771245266.236599,0,0,0
1771245266.360135,0,0,0
1771245266.484742,0,0,0
1771245266.608459,0,0,0
1771245266.732084,0,0,0
1771245266.857003,0,0,0
1771245266.977668,0,0,0
1771245267.100758,0,0,0
1771245267.225080,0,0,0
1771245267.348660,0,0,0
1771245267.473051,0,0,0
1771245267.596620,0,0,0
1771245267.720237,0,0,0
1771245267.844268,0,0,0
1771245267.968405,0,0,0
1771245268.092497,0,0,0
1771245268.216170,0,0,0
1771245268.340525,0,0,0
1771245268.461477,0,0,0
1771245268.582429,0,0,0
1771245268.703642,0,0,0
1771245268.828323,0,0,0
1771245268.952521,0,0,0
1771245269.076310,0,0,0
1771245269.200376,0,0,0
1771245269.324331,0,0,0
1771245269.448136,0,0,0
1771245269.572146,0,0,0
1771245269.696600,0,0,0
1771245269.820270,0,0,0
1771245269.946679,0,0,0
1771245270.072574,0,0,0
1771245270.199400,0,0,0
1771245270.327805,0,0,0
1771245270.455726,0,0,0
1771245270.583526,0,0,0
1771245270.711700,0,0,0
1771245270.839693,0,0,0
1771245270.967614,0,0,0
1771245271.095729,0,0,0
1771245271.223430,0,0,0
1771245271.351916,0,0,0
1771245271.479915,0,0,0
1771245271.608180,0,0,0
1771245271.736771,0,0,0
1771245271.863980,0,0,0
1771245271.988904,0,0,0
1771245272.110191,0,0,0
1771245272.229660,0,0,0
1771245272.348942,0,0,0
1771245272.475805,0,0,0
1771245272.595472,0,0,0
1771245272.719792,0,0,0
1771245272.845124,0,0,0
1771245272.966193,0,0,0
1771245273.091379,0,0,0
1771245273.217063,0,0,0
1771245273.340707,0,0,0
1771245273.464943,0,0,0
1771245273.589823,0,0,0
1771245273.715737,0,0,0
1771245273.835074,0,0,0
1771245273.954915,0,0,0
1771245274.079733,0,0,0
1771245274.199141,0,0,0
1771245274.318387,0,0,0
1771245274.438765,0,0,0
1771245274.558620,0,0,0
1771245274.679103,0,0,0
1771245274.799124,0,0,0
1771245274.920114,0,0,0
1771245275.038913,0,0,0
1771245275.157823,0,0,0
1771245275.278939,0,0,0
1771245275.399256,0,0,0
1771245275.519163,0,0,0
1771245275.639059,0,0,0
1771245275.759340,0,0,0
1771245275.882907,0,0,0
1771245276.002898,0,0,0
1771245276.121548,0,0,0
1771245276.242933,0,0,0
1771245276.363038,0,0,0
1771245276.484894,0,0,0
1771245276.604296,0,0,0
1771245276.726959,0,0,0
1771245276.848612,0,0,0
1771245276.971027,0,0,0
1771245277.090818,0,0,0
1771245277.212576,0,0,0
1771245277.331173,0,0,0
1771245277.449746,0,0,0
1771245277.573015,0,0,0
1771245277.693368,0,0,0
1771245277.814622,0,0,0
1771245277.936322,0,0,0
1771245278.060450,0,0,0
1771245278.181375,0,0,0
1771245278.304938,0,0,0
1771245278.428671,0,0,0
1771245278.552462,0,0,0
1771245278.676726,0,0,0
1771245278.797538,0,0,0
1771245278.923410,0,0,0
1771245279.044106,0,0,0
1771245279.168328,0,0,0
1771245279.292897,0,0,0
1771245279.416468,0,0,0
1771245279.540440,0,0,0
1771245279.664845,0,0,0
1771245279.789918,0,0,0
1771245279.909624,0,0,0
1771245280.031036,0,0,0
1771245280.150396,0,0,0
1771245280.271881,0,0,0
1771245280.395081,0,0,0
1771245280.514915,0,0,0
1771245280.634853,0,0,0
1771245280.756193,0,0,0
1771245280.877098,0,0,0
1771245281.000753,0,0,0
1771245281.122098,0,0,0
1771245281.243208,0,0,0
1771245281.364049,0,0,0
1771245281.485040,0,0,0
1771245281.606198,0,0,0
1771245281.729253,0,0,0
1771245281.851392,0,0,0
1771245281.976668,0,0,0
1771245282.103692,0,0,0
1771245282.228302,0,0,0
1771245282.352701,0,0,0
1771245282.477218,0,0,0
1771245282.600969,0,0,0
1771245282.726449,0,0,0
1771245282.848566,0,0,0
1771245282.972443,0,0,0
1771245283.096243,0,0,0
1771245283.220668,0,0,0
1771245283.344543,0,0,0
1771245283.468391,0,0,0
1771245283.592010,0,0,0
1771245283.715785,0,0,0
1771245283.836715,0,0,0
1771245283.960316,0,0,0
1771245284.083970,0,0,0
1771245284.212051,0,0,0
1771245284.336160,0,0,0
1771245284.460360,0,0,0
1771245284.586264,0,0,0
1771245284.708457,0,0,0
1771245284.832644,0,0,0
1771245284.956655,0,0,0
1771245285.077878,0,0,0
1771245285.199006,0,0,0
1771245285.320158,0,0,0
1771245285.441383,0,0,0
1771245285.562878,0,0,0
1771245285.684402,0,0,0
1771245285.808529,0,0,0
1771245285.932169,0,0,0
1771245286.052982,0,0,0
1771245286.174107,0,0,0
1771245286.295379,0,0,0
1771245286.420778,0,0,0
1771245286.541452,0,0,0
1771245286.664541,0,0,0
1771245286.788387,0,0,0
1771245286.912551,0,0,0
1771245287.031510,0,0,0
1771245287.150777,0,0,0
1771245287.270877,0,0,0
1771245287.390256,0,0,0
1771245287.511396,0,0,0
1771245287.637397,0,0,0
1771245287.756994,0,0,0
1771245287.877530,0,0,0
1771245287.998699,0,0,0
1771245288.117288,0,0,0
1771245288.238631,0,0,0
1771245288.361582,0,0,0
1771245288.484220,0,0,0
1771245288.607570,0,0,0
1771245288.726988,0,0,0
1771245288.851330,0,0,0
1771245288.978949,0,0,0
1771245289.097924,0,0,0
1771245289.221366,0,0,0
1771245289.345356,0,0,0
1771245289.469809,0,0,0
1771245289.588912,0,0,0
1771245289.710648,0,0,0
1771245289.831245,0,0,0
1771245289.957064,0,0,0
1771245290.079436,0,0,0
1771245290.200458,0,0,0
1771245290.325204,0,0,0
1771245290.448745,0,0,0
1771245290.572973,0,0,0
1771245290.693546,0,0,0
1771245290.816909,0,0,0
1771245290.940572,0,0,0
1771245291.064088,0,0,0
1771245291.184769,0,0,0
1771245291.305977,0,0,0
1771245291.428131,0,0,0
1771245291.551889,0,0,0
1771245291.676184,0,0,0
1771245291.799427,0,0,0
1771245291.918842,0,0,0
1771245292.043119,0,0,0
1771245292.165234,0,0,0
1771245292.288693,0,0,0
1771245292.408211,0,0,0
1771245292.531027,0,0,0
1771245292.650626,0,0,0
1771245292.773189,0,0,0
1771245292.897504,0,0,0
1771245293.017882,0,0,0
1771245293.140294,0,0,0
1771245293.264379,0,0,0
1771245293.383448,0,0,0
1771245293.507923,0,0,0
1771245293.628344,0,0,0
1771245293.752263,0,0,0
1771245293.876750,0,0,0
1771245294.001512,0,0,0
1771245294.124513,0,0,0
1771245294.247935,0,0,0
1771245294.372307,0,0,0
1771245294.494536,0,0,0
1771245294.615274,0,0,0
1771245294.740758,0,0,0
1771245294.863868,0,0,0
1771245294.986999,0,0,0
1771245295.106592,0,0,0
1771245295.228019,0,0,0
1771245295.353200,0,0,0
1771245295.474573,0,0,0
1771245295.599250,0,0,0
1771245295.724179,0,0,0
1771245295.848739,0,0,0
1771245295.977176,0,0,0
1771245296.097400,0,0,0
1771245296.224819,0,0,0
1771245296.348700,0,0,0
1771245296.473219,0,0,0
1771245296.597173,0,0,0
1771245296.719485,0,0,0
1771245296.848566,0,0,0
1771245296.974870,0,0,0
1771245297.096918,0,0,0
1771245297.221051,0,0,0
1771245297.345190,0,0,0
1771245297.469425,0,0,0
1771245297.592534,0,0,0
1771245297.716694,0,0,0
1771245297.840197,0,0,0
1771245297.961515,0,0,0
1771245298.084507,0,0,0
1771245298.207825,0,0,0
1771245298.332143,0,0,0
1771245298.458814,0,0,0
1771245298.580550,0,0,0
1771245298.704801,0,0,0
1771245298.832446,0,0,0
1771245298.960205,0,0,0
1771245299.087269,0,0,0
1771245299.216258,0,0,0
1771245299.343868,0,0,0
1771245299.468121,0,0,0
1771245299.595845,0,0,0
1771245299.719049,0,0,0
1771245299.846570,0,0,0
1771245299.966500,0,0,0
1771245300.089201,0,0,0
1771245300.210823,0,0,0
1771245300.335920,0,0,0
1771245300.460819,0,0,0
1771245300.583873,0,0,0
1771245300.705896,0,0,0
1771245300.829397,0,0,0
1771245300.952336,0,0,0
1771245301.072743,0,0,0
1771245301.196257,0,0,0
1771245301.317036,0,0,0
1771245301.436004,0,0,0
1771245301.556984,0,0,0
1771245301.677206,0,0,0
1771245301.798848,0,0,0
1771245301.918572,0,0,0
1771245302.043477,0,0,0
1771245302.168958,0,0,0
1771245302.295780,0,0,0
1771245302.419337,0,0,0
1771245302.542656,0,0,0
1771245302.664557,0,0,0
1771245302.786498,0,0,0
1771245302.906554,0,0,0
1771245303.030049,0,0,0
1771245303.152317,0,0,0
1771245303.275381,0,0,0
1771245303.401235,0,0,0
1771245303.522521,0,0,0
1771245303.642374,0,0,0
1771245303.764449,0,0,0
1771245303.893610,0,0,0
1771245304.012689,0,0,0
1771245304.139336,0,0,0
1771245304.262583,0,0,0
1771245304.386262,0,0,0
1771245304.510327,0,0,0
1771245304.631185,0,0,0
1771245304.752688,0,0,0
1771245304.875241,0,0,0
1771245304.996402,0,0,0
1771245305.120295,0,0,0
1771245305.244725,0,0,0
1771245305.368400,0,0,0
1771245305.489312,0,0,0
1771245305.612499,0,0,0
1771245305.733768,0,0,0
1771245305.854668,0,0,0
1771245305.975672,0,0,0
1771245306.096483,0,0,0
