1771248890.477222,17213,0,0
1771248890.597205,17213,0,0
1771248890.717493,17213,0,0
1771248890.837962,17213,0,0
1771248890.957884,17213,0,0
1771248891.077908,17213,0,0
1771248891.198291,17213,0,0
1771248891.319641,17213,0,0
1771248891.440271,17213,0,0
1771248891.560721,17213,0,0
1771248891.681281,17213,0,0
1771248891.802104,17213,471304,179
1771248891.926318,17213,694926,250
1771248892.048056,17213,496592,252
1771248892.169880,17213,734290,363
1771248892.294156,17213,764570,366
1771248892.415433,17213,802420,397
1771248892.536342,17213,688870,321
1771248892.657014,17213,700982,344
1771248892.777379,17213,700982,333
1771248892.898383,17213,735804,370
1771248893.021964,17213,785766,379
1771248893.146013,17213,785766,386
1771248893.268770,17213,816046,389
1771248893.391511,17213,861466,430
1771248893.515903,17213,909914,427
1771248893.639899,17213,970474,465
1771248893.762617,17213,984100,477
1771248893.886204,17231,991670,498
1771248894.008983,17237,797878,388
1771248894.133375,17237,732776,356
1771248894.253519,17237,764688,356
1771248894.375953,17237,790308,384
1771248894.498265,17237,826644,385
1771248894.618646,17237,837242,403
1771248894.739398,17237,823786,409
1771248894.860729,17237,852382,393
1771248894.981493,17237,864494,424
1771248895.104173,17237,873578,426
1771248895.227743,17237,866008,411
1771248895.351300,17237,884346,454
1771248895.472021,17237,881148,414
1771248895.592759,17237,897802,432
1771248895.716393,17237,908400,457
1771248895.841025,17237,914456,445
1771248895.964149,17237,920512,443
1771248896.084240,17237,915970,443
1771248896.208498,17237,925054,451
1771248896.329496,17237,929596,431
1771248896.450494,17237,932624,449
1771248896.574251,17237,935652,460
1771248896.695449,17237,934138,427
1771248896.816049,17237,938680,456
1771248896.937048,17237,937166,455
1771248897.061448,17237,950792,471
1771248897.185582,17237,941708,416
1771248897.306385,17237,935652,442
1771248897.427012,17237,946250,469
1771248897.547734,17237,940194,446
1771248897.668475,17237,934138,420
1771248897.790728,17237,934138,443
1771248897.911520,17237,928082,451
1771248898.034097,17237,940194,424
1771248898.158944,17237,928082,433
1771248898.279993,17237,926568,453
1771248898.401877,17237,923540,439
1771248898.522993,17237,922026,416
1771248898.644342,17237,926568,439
1771248898.766957,17237,932794,452
1771248898.887645,17237,929596,410
1771248899.011341,17237,929596,438
1771248899.133540,17237,928082,453
1771248899.254966,17237,920512,435
1771248899.376381,17237,920668,421
1771248899.498938,17237,926738,442
1771248899.623466,17237,928082,450
1771248899.745357,17237,932624,415
1771248899.866785,17237,931110,441
1771248899.990620,17237,931110,462
1771248900.113140,17237,946250,450
1771248900.234956,17237,947764,441
1771248900.355501,17237,949278,453
1771248900.479713,17237,949278,462
1771248900.602596,17237,956848,436
1771248900.724293,17237,967446,421
1771248900.849011,17237,971988,410
1771248900.973006,17237,973502,429
1771248901.094790,17237,965932,399
1771248901.217306,17237,978044,451
1771248901.342037,17239,993184,484
1771248901.462465,17240,975016,474
1771248901.586354,17240,958362,432
1771248901.707617,17240,967446,470
1771248901.828677,17240,885690,440
1771248901.951035,17240,902344,420
1771248902.074585,17240,941708,450
1771248902.195611,17268,990326,483
1771248902.317176,17274,816046,424
1771248902.438041,17274,716122,338
1771248902.558568,17274,757000,381
1771248902.680450,17274,838756,379
1771248902.802748,17274,915970,438
1771248902.924170,17274,938680,448
1771248903.049097,17275,991670,442
1771248903.170914,17286,981072,475
1771248903.295019,17286,915970,446
1771248903.419467,17286,918998,422
1771248903.540518,17286,908400,432
1771248903.662825,17286,988642,476
1771248903.783609,17292,993184,482
1771248903.907829,17302,971988,457
1771248904.029394,17302,890232,431
1771248904.153714,17302,831186,413
1771248904.274103,17302,893260,418
1771248904.395274,17302,911428,446
1771248904.518922,17302,941708,460
1771248904.640576,17309,964000,464
1771248904.764719,17309,903858,428
1771248904.887098,17309,870550,433
1771248905.011350,17309,888718,431
1771248905.135296,17309,909914,432
1771248905.259062,17309,985614,472
1771248905.383137,17309,961390,458
1771248905.504471,17322,994698,470
1771248905.626073,17324,925054,455
1771248905.750556,17324,899316,446
1771248905.872942,17324,930000,502
1771248905.994109,17324,947764,485
1771248906.118059,17339,991670,535
1771248906.242300,17348,912942,491
1771248906.367044,17348,811504,425
1771248906.490828,17348,840270,450
1771248906.617228,17348,876606,457
1771248906.740246,17348,967446,502
1771248906.860472,17372,996212,526
1771248906.981643,17377,946250,517
1771248907.102085,17387,946250,509
1771248907.225490,17387,867522,452
1771248907.349966,17387,981072,523
1771248907.474031,17432,988642,526
1771248907.594517,17432,932624,490
1771248907.715609,17442,970474,512
1771248907.837053,17442,864494,454
1771248907.958157,17442,993354,527
1771248908.078856,17494,994698,526
1771248908.199320,17494,964418,509
1771248908.323398,17545,996212,535
1771248908.445160,17545,864494,449
1771248908.566540,17545,912942,486
1771248908.688954,17552,994698,521
1771248908.814823,17581,990156,515
1771248908.939529,17602,988642,521
1771248909.060438,17602,853896,440
1771248909.180548,17602,937166,496
1771248909.300898,17637,996212,520
1771248909.421534,17661,978044,508
1771248909.541938,17718,996212,525
1771248909.666700,17726,922026,477
1771248909.791006,17728,994698,531
1771248909.911474,17775,991670,523
1771248910.031929,17783,993184,523
1771248910.152903,17865,999240,527
1771248910.276644,17874,935652,465
1771248910.401119,17899,993184,535
1771248910.525893,17949,993184,542
1771248910.651182,18032,994698,524
1771248910.775878,18175,999240,530
1771248910.896516,18219,996212,495
1771248911.017227,18284,994698,475
1771248911.138274,18370,999240,473
1771248911.258281,18460,994698,471
1771248911.379885,18591,999240,480
1771248911.501618,18670,990156,476
1771248911.621990,18726,999240,483
1771248911.742347,18800,991670,467
1771248911.863620,18894,999240,473
1771248911.984254,18990,993184,485
1771248912.108016,19106,997726,463
1771248912.232261,19186,994698,495
1771248912.356451,19277,997726,477
1771248912.477284,19376,991670,478
1771248912.597754,19376,0,0
1771248912.718154,19376,0,0
1771248912.841188,19376,205904,92
1771248912.963211,19376,405752,213
1771248913.083453,19376,439060,214
1771248913.204208,19376,434518,221
1771248913.324360,19376,442088,218
1771248913.446944,19376,393640,196
1771248913.571470,19376,426948,224
1771248913.696128,19376,416350,216
1771248913.821076,19376,431490,214
1771248913.942407,19376,422406,216
1771248914.064036,19376,417864,220
1771248914.185534,19376,425434,219
1771248914.307171,19376,439060,219
1771248914.427864,19376,445116,229
1771248914.549315,19376,445116,227
1771248914.673668,19376,445116,230
1771248914.794961,19376,475396,246
1771248914.916758,19376,464798,237
1771248915.040015,19376,469340,207
1771248915.161501,19376,490536,212
1771248915.282305,19376,510218,225
1771248915.403110,19376,525358,233
1771248915.524101,19376,516000,242
1771248915.645748,19376,552610,262
1771248915.770052,19376,550000,269
1771248915.895607,19376,579862,278
1771248916.019662,19376,607114,285
1771248916.140961,19376,623768,271
1771248916.261161,19376,646478,301
1771248916.383700,19376,675244,331
1771248916.508182,19376,696440,303
1771248916.632685,19376,735804,361
1771248916.756183,19376,773654,360
1771248916.876766,19376,794850,388
1771248916.998124,19376,837242,378
1771248917.119427,19376,878120,438
1771248917.241667,19376,917484,431
1771248917.365066,19376,944736,389
1771248917.485972,19376,984100,349
1771248917.607415,19392,981072,357
1771248917.728466,19392,761542,252
1771248917.850735,19392,773654,313
1771248917.972078,19392,790308,311
1771248918.094152,19392,817560,325
1771248918.217985,19392,843298,349
1771248918.342004,19392,870592,356
1771248918.462715,19392,881148,345
1771248918.587158,19392,897802,357
1771248918.710483,19392,929596,376
1771248918.831003,19392,950792,371
1771248918.954643,19392,956848,402
1771248919.077485,19392,968960,394
1771248919.199134,19392,990156,404
1771248919.321099,19398,991670,476
1771248919.445017,19399,803934,393
1771248919.569616,19399,760028,404
1771248919.690555,19399,788794,399
1771248919.813190,19399,819244,447
1771248919.937452,19399,834214,406
1771248920.061241,19399,866008,467
1771248920.181349,19399,873578,439
1771248920.306247,19399,900830,460
1771248920.427651,19399,912942,512
1771248920.550260,19399,929596,477
1771248920.671877,19399,953990,489
1771248920.793241,19399,973502,511
1771248920.916357,19400,991670,561
1771248921.037302,19405,950792,508
1771248921.158360,19405,828158,421
1771248921.279415,19405,729748,404
1771248921.400525,19405,752458,380
1771248921.524953,19405,773654,439
1771248921.645512,19405,803934,407
1771248921.766980,19405,813018,437
1771248921.887775,19405,822102,416
1771248922.011311,19405,838756,437
1771248922.131870,19405,843298,460
1771248922.252138,19405,852382,433
1771248922.372760,19405,864494,458
1771248922.497520,19405,870550,459
1771248922.618686,19405,878120,456
1771248922.739489,19405,894774,479
1771248922.861908,19405,800906,425
1771248922.984039,19405,787280,396
1771248923.107749,19405,800906,393
1771248923.229053,19405,950792,446
1771248923.349422,19405,982586,507
1771248923.470909,19416,976000,553
1771248923.593105,19421,772140,384
1771248923.714793,19421,723692,369
1771248923.835851,19421,747916,381
1771248923.960619,19421,793336,405
1771248924.083425,19421,864494,437
1771248924.205095,19421,926738,466
1771248924.328070,19421,926568,475
1771248924.449326,19421,964418,503
1771248924.569953,19423,985614,480
1771248924.690653,19427,964418,495
1771248924.812452,19427,950792,494
1771248924.937417,19427,944736,507
1771248925.058540,19432,993184,496
1771248925.181392,19444,991670,507
1771248925.303931,19444,825000,439
1771248925.424531,19444,832700,426
1771248925.548853,19444,859952,438
1771248925.669096,19444,931110,493
1771248925.793432,19444,969130,489
1771248925.919155,19444,990156,496
1771248926.042987,19463,985614,498
1771248926.164133,19463,769112,395
1771248926.287114,19463,796364,402
1771248926.407694,19463,817560,429
1771248926.529318,19463,846404,415
1771248926.649712,19463,905372,448
1771248926.770940,19463,911428,469
1771248926.893287,19465,996212,487
1771248927.018661,19484,982586,481
1771248927.141302,19484,855410,414
1771248927.262342,19484,846326,412
1771248927.386095,19484,861466,414
1771248927.507498,19484,962904,466
1771248927.629308,19500,991670,475
1771248927.750624,19505,917484,429
1771248927.871566,19505,885690,426
1771248927.994092,19505,866008,419
1771248928.116395,19505,973502,455
1771248928.239779,19522,991670,467
1771248928.360199,19532,935652,435
1771248928.481618,19532,944736,447
1771248928.601795,19532,869036,400
1771248928.725424,19532,985614,453
1771248928.848094,19569,996212,450
1771248928.972489,19570,958362,432
1771248929.096777,19596,991670,449
1771248929.217112,19596,850868,442
1771248929.338725,19596,971988,494
1771248929.460728,19632,990156,499
1771248929.582273,19640,965932,489
1771248929.703056,19687,990156,517
1771248929.824421,19707,803934,411
1771248929.948535,19707,903858,455
1771248930.072606,19718,994698,502
1771248930.196847,19746,985614,502
1771248930.317623,19795,999240,515
1771248930.438642,19832,811504,407
1771248930.560104,19832,890232,452
1771248930.682557,19836,997726,506
1771248930.804650,19883,994868,506
1771248930.924903,19922,999358,497
1771248931.048091,19969,925172,445
1771248931.168363,19969,988642,502
1771248931.292243,20022,997726,535
1771248931.416561,20039,996212,582
1771248931.541040,20115,991670,576
1771248931.664910,20167,955334,518
1771248931.785679,20179,999240,581
1771248931.906053,20254,996212,507
1771248932.027011,20306,994698,484
1771248932.148271,20386,997726,493
1771248932.271689,20471,996212,457
1771248932.395720,20498,996212,497
1771248932.519495,20595,996212,488
1771248932.640501,20700,996212,486
1771248932.761492,20823,996212,496
1771248932.882564,20955,993184,464
1771248933.006857,20986,997726,511
1771248933.127133,21100,996212,491
1771248933.247092,21199,994698,503
1771248933.369295,21321,996212,502
1771248933.491926,21492,997726,491
1771248933.616533,21542,996212,502
1771248933.737948,21655,997726,502
1771248933.859165,21690,296744,186
1771248933.979731,21690,0,0
1771248934.100647,21690,10598,5
1771248934.224823,21690,314912,149
1771248934.348980,21690,413322,206
1771248934.470709,21690,428462,204
1771248934.591095,21690,433004,208
1771248934.712631,21690,407266,199
1771248934.835721,21690,436032,219
1771248934.956042,21690,419378,201
1771248935.078091,21690,410294,198
1771248935.202215,21690,410294,201
1771248935.326906,21690,433004,215
1771248935.449096,21690,428462,203
1771248935.570465,21690,420892,206
1771248935.691719,21690,420892,210
1771248935.811761,21690,437716,213
1771248935.932413,21690,457228,218
1771248936.053275,21690,455714,214
1771248936.175085,21690,466312,216
1771248936.296892,21690,461770,221
1771248936.417379,21690,476910,226
1771248936.539225,21690,501134,236
1771248936.660969,21690,516000,252
1771248936.783071,21690,531414,248
1771248936.903811,21690,555638,250
1771248937.024866,21690,537470,239
1771248937.147248,21690,575320,262
1771248937.270184,21690,599544,291
1771248937.391649,21690,623768,323
1771248937.514907,21690,643450,271
1771248937.635855,21690,681300,267
1771248937.756335,21690,688870,290
1771248937.878028,21690,714608,290
1771248938.000271,21690,764570,312
1771248938.122573,21690,794850,316
1771248938.243907,21690,825000,344
1771248938.365874,21690,866008,332
1771248938.489018,21690,905372,351
1771248938.611508,21690,947764,372
1771248938.732248,21690,982586,364
1771248938.855468,21700,994698,332
1771248938.976198,21701,779710,279
1771248939.096678,21701,747916,290
1771248939.220201,21701,757000,304
1771248939.342239,21701,757000,292
1771248939.462773,21701,788794,312
1771248939.583979,21701,805448,305
1771248939.707434,21701,829672,329
1771248939.831247,21701,843468,324
1771248939.952210,21701,859952,332
1771248940.072879,21701,875092,346
1771248940.193241,21701,866008,333
1771248940.314033,21701,873578,341
1771248940.437087,21701,888888,348
1771248940.561438,21701,908400,350
1771248940.681823,21701,923710,363
1771248940.802903,21701,929596,367
1771248940.924013,21701,941708,433
1771248941.049783,21701,956848,469
1771248941.173564,21701,973502,488
1771248941.296674,21701,978044,460
1771248941.419823,21701,964000,476
1771248941.540702,21702,988642,489
1771248941.661711,21707,975016,490
1771248941.782027,21707,872064,451
1771248941.903895,21707,899316,407
1771248942.027585,21707,925054,407
1771248942.149695,21707,943222,429
1771248942.272296,21707,958362,416
1771248942.392897,21707,973502,429
1771248942.516152,21708,993302,443
1771248942.639373,21718,947882,456
1771248942.761760,21718,687356,330
1771248942.882466,21718,675244,370
1771248943.003942,21718,693412,359
1771248943.126130,21718,729748,345
1771248943.247712,21718,743374,373
1771248943.368573,21718,764570,364
1771248943.492823,21718,784252,395
1771248943.615340,21718,800906,380
1771248943.739140,21718,817560,415
1771248943.860923,21718,825130,423
1771248943.982496,21718,826644,439
1771248944.104868,21718,841784,441
1771248944.225458,21718,735804,365
1771248944.348410,21718,746402,346
1771248944.472129,21718,838756,394
1771248944.594499,21718,938680,470
1771248944.715850,21718,946250,493
1771248944.837286,21718,957018,462
1771248944.958814,21718,973502,503
1771248945.081139,21718,981072,486
1771248945.205096,21726,991670,524
1771248945.326853,21727,917484,423
1771248945.447437,21727,835728,421
1771248945.568152,21727,850868,451
1771248945.692791,21727,915970,444
1771248945.816987,21727,941708,468
1771248945.941558,21727,971988,505
1771248946.065557,21728,991670,477
1771248946.187122,21734,941708,489
1771248946.311046,21734,796364,375
1771248946.432751,21734,856924,400
1771248946.553647,21734,902344,451
1771248946.677840,21734,925054,448
1771248946.799662,21734,979558,473
1771248946.920476,21742,996212,482
1771248947.041288,21743,962904,485
1771248947.164907,21743,930000,470
1771248947.286203,21743,973502,487
1771248947.408984,21763,993184,481
1771248947.531037,21763,881148,445
1771248947.657108,21763,757000,380
1771248947.779277,21763,861466,434
1771248947.900916,21763,873578,430
1771248948.021888,21763,915970,449
1771248948.146688,21763,975016,479
1771248948.267961,21772,991670,481
1771248948.389167,21777,938680,471
1771248948.510122,21777,849354,430
1771248948.633516,21777,864494,442
1771248948.759653,21777,926568,469
1771248948.881240,21777,976530,479
1771248949.003336,21788,991670,498
1771248949.125174,21834,885690,455
1771248949.246530,21834,758514,385
1771248949.367681,21834,776682,394
1771248949.487872,21834,806962,416
1771248949.608889,21834,832870,418
1771248949.729704,21834,981072,495
1771248949.850299,21834,902344,451
1771248949.972155,21837,994698,554
1771248950.094562,21871,984100,571
1771248950.219079,21871,903858,528
1771248950.339324,21871,964000,581
1771248950.459783,21871,908400,511
1771248950.582840,21900,994698,571
1771248950.708334,21926,955334,555
1771248950.830011,21926,958362,556
1771248950.954543,21985,996212,590
1771248951.074666,21995,785766,464
1771248951.195581,21995,869036,509
1771248951.316334,21995,959876,553
1771248951.436717,22015,988642,576
1771248951.557041,22040,971988,570
1771248951.678519,22045,893260,516
1771248951.803438,22045,887204,511
1771248951.924895,22045,968960,561
1771248952.046352,22072,997726,584
1771248952.170651,22085,981072,577
1771248952.291942,22179,953820,556
1771248952.412295,22179,908400,529
1771248952.535329,22197,997726,587
1771248952.655708,22230,988642,583
1771248952.776496,22269,991840,581
1771248952.897282,22277,975016,530
1771248953.018650,22277,859952,498
1771248953.139119,22277,940194,552
1771248953.263811,22284,991670,582
1771248953.386679,22313,991670,583
1771248953.509213,22339,999240,579
1771248953.630456,22382,825130,477
1771248953.753286,22382,903858,533
1771248953.874774,22385,996212,585
1771248953.999662,22437,988642,583
1771248954.120279,22466,999240,599
1771248954.240386,22549,866008,488
1771248954.365392,22549,887204,528
1771248954.487041,22549,119606,75
1771248954.607348,22549,0,0
1771248954.730020,22549,59046,33
1771248954.850009,22549,241000,142
1771248954.974849,22549,357304,203
1771248955.097386,22549,407266,231
1771248955.219873,22549,401210,228
1771248955.341673,22549,428462,239
1771248955.462433,22549,420892,238
1771248955.584087,22549,420892,241
1771248955.708527,22549,425434,244
1771248955.830004,22549,418034,232
1771248955.952890,22549,419378,228
1771248956.073318,22549,402724,225
1771248956.194090,22549,436032,239
1771248956.314498,22549,422406,229
1771248956.438715,22549,422406,208
1771248956.559984,22549,443602,219
1771248956.681282,22549,448144,221
1771248956.802276,22549,457228,219
1771248956.924517,22549,446630,207
1771248957.050198,22549,448144,206
1771248957.173468,22549,452686,217
1771248957.293763,22549,460256,225
1771248957.414510,22549,448000,225
1771248957.534975,22549,463284,227
1771248957.657192,22549,476910,231
1771248957.778214,22549,484480,229
1771248957.900636,22549,490536,228
1771248958.021821,22549,476910,218
1771248958.143448,22549,479938,214
1771248958.269856,22549,504162,228
1771248958.396351,22549,508704,233
1771248958.518206,22549,502648,233
1771248958.638902,22549,490536,226
1771248958.759274,22549,502648,235
1771248958.879733,22549,501134,230
1771248959.002553,22549,511732,222
1771248959.125985,22549,520816,226
1771248959.246961,22549,514760,224
1771248959.370604,22549,523844,224
1771248959.491110,22549,516000,223
1771248959.613039,22549,531414,220
1771248959.738812,22549,532928,223
1771248959.860029,22549,532928,220
1771248959.981348,22549,548068,230
1771248960.107578,22549,543526,239
1771248960.234463,22549,551138,244
1771248960.359280,22549,560180,246
1771248960.479867,22549,561694,247
1771248960.601889,22549,567750,240
1771248960.723217,22549,572292,242
1771248960.845158,22549,576834,235
1771248960.966285,22549,582890,240
1771248961.086658,22549,590460,257
1771248961.207463,22549,604086,254
1771248961.328229,22549,610142,264
1771248961.450373,22549,626796,250
1771248961.571564,22549,638908,273
1771248961.693489,22549,663132,273
1771248961.817487,22549,690384,270
1771248961.938297,22549,731262,311
1771248962.060264,22549,769230,318
1771248962.184560,22549,811504,342
1771248962.307050,22549,859952,336
1771248962.427617,22549,902344,364
1771248962.549258,22549,940194,388
1771248962.671140,22549,964000,376
1771248962.794457,22565,993184,416
1771248962.915959,22567,760028,312
1771248963.039697,22567,788794,315
1771248963.163316,22567,816046,326
1771248963.283620,22567,846326,346
1771248963.407148,22567,866008,357
1771248963.528462,22567,903858,366
1771248963.649897,22567,931110,378
1771248963.770988,22567,947764,382
1771248963.892535,22567,973672,381
1771248964.016547,22569,994698,407
1771248964.138554,22573,968960,397
1771248964.262200,22573,796364,323
1771248964.384323,22573,804104,334
1771248964.507794,22573,829672,321
1771248964.631026,22573,840270,324
1771248964.754713,22573,828158,331
1771248964.878938,22573,738832,271
1771248965.001272,22573,753972,286
1771248965.124681,22573,887204,339
1771248965.247211,22573,930000,387
1771248965.369942,22573,970474,374
1771248965.493481,22577,991670,391
1771248965.616407,22578,938680,360
1771248965.740915,22578,876606,357
1771248965.861633,22578,870550,351
1771248965.983851,22578,912942,368
1771248966.107868,22578,932624,396
1771248966.231166,22578,970474,412
1771248966.354526,22578,981072,422
1771248966.478191,22584,996212,428
1771248966.601941,22587,947764,413
1771248966.725419,22587,849354,370
1771248966.849280,22587,896458,393
1771248966.971445,22587,940364,412
1771248967.092844,22587,947764,414
1771248967.213796,22587,994698,473
1771248967.339205,22603,943222,461
1771248967.461872,22603,828158,410
1771248967.585571,22603,840270,412
1771248967.709734,22603,894774,434
1771248967.832100,22603,906886,436
1771248967.954703,22603,971988,459
1771248968.079979,22603,991670,475
1771248968.201566,22616,981072,475
1771248968.323121,22616,953820,470
1771248968.444826,22616,917484,447
1771248968.567359,22616,964418,472
1771248968.691693,22616,964000,479
1771248968.812468,22630,994698,487
1771248968.934684,22635,890232,424
1771248969.058484,22635,785766,402
1771248969.182397,22635,825000,440
1771248969.306290,22635,914456,475
1771248969.430536,22635,959876,493
1771248969.551402,22664,964000,512
1771248969.672444,22664,864494,446
1771248969.793936,22664,808476,414
1771248969.918448,22664,825000,433
1771248970.038926,22664,890232,465
1771248970.164382,22664,971988,497
1771248970.284673,22679,984100,508
1771248970.405789,22679,988642,501
1771248970.527056,22714,949278,484
1771248970.647673,22714,859952,438
1771248970.769166,22714,852382,427
1771248970.893747,22714,904028,452
1771248971.018003,22714,943222,468
1771248971.139554,22763,976530,498
1771248971.260088,22763,867692,436
1771248971.384220,22763,953820,469
1771248971.506223,22781,996212,492
1771248971.628228,22782,971988,483
1771248971.751002,22841,994698,503
1771248971.872293,22849,887204,437
1771248971.995290,22853,997726,484
1771248972.117852,22890,976530,484
1771248972.238421,22890,932624,463
1771248972.358888,22925,999240,497
1771248972.482822,22964,872064,414
1771248972.608251,22964,964418,470
1771248972.732651,23027,996212,488
1771248972.854033,23029,931110,461
1771248972.974818,23074,996212,486
1771248973.099562,23128,931110,434
1771248973.220012,23139,997726,485
1771248973.341917,23207,981072,476
1771248973.462249,23207,953820,466
1771248973.583286,23244,994698,481
1771248973.704119,23270,938680,447
1771248973.825513,23273,991670,475
1771248973.947862,23331,991670,473
1771248974.068867,23331,958362,467
1771248974.190627,23351,994698,484
1771248974.311411,23391,985614,472
1771248974.432575,23393,996212,480
1771248974.554276,23450,996212,475
1771248974.676006,23451,916088,454
1771248974.799537,23451,991670,478
1771248974.922689,23536,993184,499
1771248975.045988,23536,885690,429
1771248975.166540,23536,0,0
1771248975.288165,23536,0,0
1771248975.409187,23536,189250,81
1771248975.529877,23536,284632,122
1771248975.650475,23536,392126,163
1771248975.771507,23536,420892,182
1771248975.893011,23536,437546,192
1771248976.016352,23536,443602,197
1771248976.137180,23536,429976,181
1771248976.261109,23536,423920,185
1771248976.384397,23536,420892,185
1771248976.508119,23536,423920,187
1771248976.630706,23536,436032,193
1771248976.751013,23536,431490,200
1771248976.872921,23536,419378,194
1771248976.995163,23536,446630,205
1771248977.116435,23536,437546,195
1771248977.241161,23536,446630,198
1771248977.362186,23536,445116,203
1771248977.484134,23536,449658,207
1771248977.608583,23536,454200,213
1771248977.729901,23536,449658,216
1771248977.853637,23536,464798,214
1771248977.974810,23536,463284,214
1771248978.095312,23536,467826,219
1771248978.216882,23536,466312,219
1771248978.338134,23536,472368,223
1771248978.458647,23536,466312,223
1771248978.578887,23536,469340,225
1771248978.700418,23536,487508,237
1771248978.821567,23536,482966,234
1771248978.942103,23536,490536,237
1771248979.063537,23536,490536,241
1771248979.190414,23536,489022,239
1771248979.312359,23536,501134,244
1771248979.434041,23536,495078,240
1771248979.555342,23536,510218,248
1771248979.676406,23536,507190,248
1771248979.797221,23536,514760,252
1771248979.919664,23536,519302,259
1771248980.041281,23536,516000,265
1771248980.162880,23536,517788,258
1771248980.283496,23536,542012,274
1771248980.406188,23536,542012,274
1771248980.527405,23536,555638,278
1771248980.648543,23536,569264,288
1771248980.773190,23536,576834,282
1771248980.894062,23536,579862,276
1771248981.015545,23536,602572,278
1771248981.135930,23536,599544,278
1771248981.256447,23536,611656,285
1771248981.380042,23536,635880,295
1771248981.500529,23536,638908,300
1771248981.620948,23536,661618,295
1771248981.742038,23536,688870,319
1771248981.864519,23536,716122,347
1771248981.984939,23536,755486,349
1771248982.105722,23536,785766,384
1771248982.227846,23536,826644,387
1771248982.349249,23536,864494,387
1771248982.473516,23536,902344,409
1771248982.597318,23536,930000,445
1771248982.719179,23539,994698,446
1771248982.841084,23554,968960,493
1771248982.961603,23554,853896,415
1771248983.083900,23554,847840,415
1771248983.211205,23554,882662,453
1771248983.334340,23554,923540,462
1771248983.455612,23554,930000,454
1771248983.576498,23554,988642,507
1771248983.697084,23563,993184,477
1771248983.819035,23568,866008,448
1771248983.942536,23568,729748,341
1771248984.070329,23568,766084,373
1771248984.194540,23568,784252,384
1771248984.318932,23568,793336,390
1771248984.439947,23568,828158,394
1771248984.561333,23568,832700,395
1771248984.683526,23568,849354,416
1771248984.807539,23568,855410,439
1771248984.928933,23568,864494,428
1771248985.050688,23568,876606,422
1771248985.174453,23568,888888,451
1771248985.295727,23568,896288,448
1771248985.416617,23568,826644,403
1771248985.537746,23568,782738,398
1771248985.657988,23568,788794,394
1771248985.783190,23568,961390,502
1771248985.907183,23574,973502,481
1771248986.028701,23574,902344,461
1771248986.150056,23574,814532,411
1771248986.271404,23574,840270,420
1771248986.392098,23574,878120,432
1771248986.512161,23574,950792,481
1771248986.635848,23574,984100,469
1771248986.758238,23574,991670,484
1771248986.879220,23590,967446,466
1771248986.999831,23590,752458,376
1771248987.121434,23590,669188,330
1771248987.243161,23590,757000,356
1771248987.364493,23590,825000,396
1771248987.486583,23590,838756,408
1771248987.610340,23590,903858,434
1771248987.733389,23590,935652,432
1771248987.854477,23590,970474,469
1771248987.974945,23606,973502,448
1771248988.096477,23606,763056,371
1771248988.217379,23606,778196,378
1771248988.340518,23606,794850,381
1771248988.465993,23606,834214,398
1771248988.590745,23606,870550,409
1771248988.712941,23606,920512,429
1771248988.834089,23606,978044,464
1771248988.955942,23615,994698,453
1771248989.076419,23618,899316,432
1771248989.198623,23618,814532,388
1771248989.319843,23618,862980,405
1771248989.440501,23618,918998,435
1771248989.560685,23618,953820,446
1771248989.681972,23635,994698,517
1771248989.805705,23648,811504,405
1771248989.926697,23648,800906,410
1771248990.048676,23648,834214,424
1771248990.172555,23648,861466,439
1771248990.293510,23648,970474,488
1771248990.416418,23649,909914,458
1771248990.538145,23665,997726,503
1771248990.659016,23682,953820,492
1771248990.779107,23682,897802,444
1771248990.901584,23682,949278,483
1771248991.022837,23682,896288,441
1771248991.147047,23705,988642,496
1771248991.270818,23725,944736,474
1771248991.394871,23725,965932,468
1771248991.519170,23752,997726,499
1771248991.639471,23752,894774,436
1771248991.763620,23752,961390,476
1771248991.886513,23782,988642,480
1771248992.008019,23793,978044,485
1771248992.132957,23842,981072,496
1771248992.259117,23842,878120,438
1771248992.381118,23843,993184,494
1771248992.503407,23887,991670,494
1771248992.624265,23887,967488,485
1771248992.746917,23943,937284,465
1771248992.871007,23943,884294,437
1771248992.993074,23943,982586,491
1771248993.115045,23975,994698,499
1771248993.238906,23981,979558,493
1771248993.359253,24036,915970,454
1771248993.479481,24036,973502,484
1771248993.603916,24093,996212,585
1771248993.726033,24119,994698,582
1771248993.846315,24205,994698,590
1771248993.968763,24268,905372,519
1771248994.091033,24300,994698,582
1771248994.215929,24376,991670,589
1771248994.337550,24448,997726,584
1771248994.458541,24577,994698,567
1771248994.582732,24638,944736,528
1771248994.707329,24711,996212,592
1771248994.832192,24784,999240,595
1771248994.952425,24913,997726,581
1771248995.073412,25060,999240,558
1771248995.197863,25096,957018,548
1771248995.320481,25194,999240,589
1771248995.443315,25256,997726,592
1771248995.567920,25404,996212,580
1771248995.688727,25574,996212,575
1771248995.810175,25586,979558,565
1771248995.931238,25672,999240,586
1771248996.053182,25751,996212,593
1771248996.174852,25869,993184,578
1771248996.295084,26019,996212,613
1771248996.419818,26023,985614,528
1771248996.543958,26116,996212,498
1771248996.664610,26194,996212,506
1771248996.785212,26312,996212,497
1771248996.905769,26432,997726,495
1771248997.026144,26467,994698,514
1771248997.150193,26588,994698,503
1771248997.271245,26630,143830,72
1771248997.391662,26630,0,0
1771248997.516062,26630,34000,19
1771248997.640334,26630,237698,121
1771248997.762045,26630,386070,193
1771248997.883892,26630,392126,201
1771248998.006606,26630,395154,202
1771248998.127831,26630,372444,192
1771248998.253002,26630,393718,206
1771248998.376904,26630,387584,194
1771248998.497729,26630,390612,204
1771248998.619078,26630,386070,197
1771248998.739889,26630,413322,205
1771248998.864777,26630,410294,213
1771248998.985787,26630,407436,216
1771248999.111140,26630,376986,189
1771248999.235487,26630,425434,222
1771248999.356594,26630,425434,220
1771248999.480228,26630,423920,210
1771248999.601000,26630,414836,216
1771248999.722847,26630,428462,223
1771248999.846934,26630,445116,231
1771248999.967474,26630,446630,222
1771249000.088585,26630,464798,227
1771249000.212400,26630,464798,224
1771249000.336387,26630,475396,241
1771249000.461079,26630,492050,257
1771249000.582874,26630,513246,267
1771249000.704103,26630,514760,267
1771249000.826076,26630,535956,276
1771249000.946387,26630,561694,276
1771249001.067648,26630,569264,261
1771249001.187828,26630,588946,274
1771249001.310268,26630,595002,295
1771249001.431224,26630,619226,309
1771249001.553513,26630,663132,270
1771249001.674262,26630,672216,291
1771249001.796865,26630,696440,328
1771249001.920325,26630,731262,281
1771249002.043451,26630,755486,342
1771249002.164355,26630,791822,266
1771249002.286025,26630,817560,353
1771249002.406481,26630,869036,359
1771249002.526935,26630,905372,409
1771249002.647339,26630,947764,452
1771249002.768911,26632,993184,461
1771249002.889471,26643,922026,387
1771249003.010521,26643,747916,349
1771249003.131877,26643,766084,365
1771249003.253442,26643,781224,369
1771249003.381926,26643,805448,390
1771249003.504918,26643,823616,380
1771249003.626941,26643,831186,402
1771249003.748748,26643,849354,369
1771249003.873361,26643,847840,410
1771249003.997767,26643,876606,402
1771249004.119779,26643,900830,411
1771249004.240212,26643,915970,444
1771249004.361633,26643,937166,436
1771249004.482753,26643,955452,417
1771249004.606769,26643,978162,483
1771249004.727372,26644,990156,484
1771249004.849871,26653,941708,469
1771249004.971216,26653,788794,390
1771249005.092822,26653,763056,423
1771249005.214346,26653,802420,415
1771249005.334749,26653,817730,454
1771249005.454847,26653,841784,441
1771249005.576555,26653,862980,462
1771249005.700678,26653,879634,495
1771249005.824870,26653,899316,481
1771249005.945710,26653,909914,506
1771249006.067896,26653,929596,527
1771249006.189768,26653,930000,518
1771249006.310957,26653,968960,519
1771249006.435886,26653,991670,571
1771249006.556586,26658,996212,566
1771249006.678302,26659,811504,436
1771249006.801854,26659,764570,427
1771249006.924364,26659,757000,440
1771249007.048559,26659,806962,452
1771249007.173091,26659,823616,474
1771249007.297747,26659,843298,487
1771249007.418339,26659,852382,537
1771249007.542584,26659,813018,495
1771249007.666791,26659,757000,448
1771249007.791960,26659,763056,421
1771249007.914054,26659,912942,532
1771249008.035610,26659,961390,591
1771249008.160274,26659,981072,624
1771249008.285073,26660,990156,619
1771249008.407409,26666,991670,625
1771249008.527970,26666,869036,530
1771249008.648202,26666,861466,548
1771249008.769490,26666,897802,564
1771249008.890455,26666,949448,594
1771249009.012274,26666,965932,608
1771249009.133467,26666,984100,616
1771249009.254288,26685,993184,620
1771249009.378981,26685,784422,469
1771249009.500131,26685,711580,439
1771249009.626410,26685,799392,496
1771249009.751869,26685,882662,545
1771249009.876830,26685,873578,546
1771249009.998191,26685,940194,587
1771249010.119502,26685,973502,602
1771249010.241043,26693,994698,613
1771249010.365566,26717,938680,580
1771249010.486436,26717,737318,458
1771249010.608157,26717,737318,457
1771249010.732949,26717,752458,468
1771249010.857202,26717,782738,486
1771249010.977575,26717,862980,532
1771249011.098150,26717,869036,533
1771249011.220998,26717,929596,570
1771249011.347004,26717,964418,594
1771249011.468681,26724,993184,608
1771249011.593013,26749,928082,564
1771249011.713584,26749,743374,455
1771249011.837983,26749,785766,476
1771249011.959414,26749,822102,503
1771249012.079414,26749,864536,525
1771249012.199870,26749,943222,571
1771249012.320279,26749,959876,585
1771249012.443636,26776,996212,606
1771249012.564937,26783,929596,564
1771249012.689770,26783,899316,547
1771249012.811014,26783,930000,570
1771249012.931904,26783,979558,591
1771249013.056303,26825,991670,600
1771249013.177814,26827,903858,544
1771249013.302124,26827,917484,551
1771249013.423679,26827,967446,575
1771249013.545216,26839,993184,602
1771249013.668356,26892,964000,596
1771249013.789628,26892,958362,571
1771249013.912721,26913,982756,588
1771249014.033312,26919,944736,563
1771249014.154394,26919,941708,571
1771249014.275024,26946,993184,593
1771249014.395857,26970,970474,576
1771249014.517040,27001,982586,591
1771249014.637879,27001,949278,567
1771249014.762350,27001,922196,563
1771249014.883292,27023,997726,599
1771249015.005767,27055,964000,592
1771249015.130748,27104,964000,526
1771249015.253088,27136,990156,590
1771249015.374678,27160,994698,610
1771249015.500773,27255,997726,595
1771249015.621790,27337,993184,597
1771249015.743527,27451,996212,535
1771249015.865090,27526,988642,559
1771249015.985085,27550,993184,604
1771249016.106125,27654,993184,592
1771249016.232771,27748,993184,517
1771249016.354372,27852,993184,455
1771249016.476203,27940,991670,476
1771249016.596578,27974,996212,508
1771249016.718644,28075,999240,504
1771249016.839440,28181,996212,501
1771249016.960223,28305,997726,465
1771249017.086402,28410,994698,471
1771249017.210388,28468,994698,508
1771249017.331636,28556,999240,504
1771249017.452210,28657,996212,500
1771249017.572741,28759,996212,473
1771249017.695279,28853,994698,466
1771249017.816324,28916,991670,501
1771249017.937640,29016,996212,507
1771249018.058983,29136,997726,505
1771249018.180155,29259,994698,483
1771249018.302442,29380,997726,469
1771249018.423065,29476,993184,503
1771249018.543839,29559,994698,501
1771249018.664829,29660,997726,506
1771249018.786608,29758,994698,495
1771249018.914141,29841,976000,489
1771249019.038530,29966,990156,493
1771249019.162812,30039,997726,513
1771249019.283831,30142,997726,513
1771249019.404414,30254,997726,501
1771249019.524956,30347,993184,490
1771249019.646258,30356,0,0
1771249019.767299,30356,0,0
1771249019.889047,30356,151400,77
1771249020.011353,30356,284632,143
1771249020.135664,30356,398182,210
1771249020.258364,30356,402724,203
1771249020.382687,30356,408780,211
1771249020.504589,30356,413322,180
1771249020.627896,30356,411808,180
1771249020.748537,30356,417864,194
1771249020.871437,30356,423920,201
1771249020.993628,30356,414836,180
1771249021.114828,30356,429976,186
1771249021.236181,30356,436032,203
1771249021.362590,30356,440574,217
1771249021.486795,30356,449658,210
1771249021.610439,30356,464798,208
1771249021.731579,30356,469340,205
1771249021.853361,30356,451340,208
1771249021.975113,30356,487508,235
1771249022.097039,30356,487894,247
1771249022.218833,30356,507190,256
1771249022.339829,30356,499854,256
1771249022.463703,30356,512118,260
1771249022.585519,30356,516000,263
1771249022.709887,30356,538932,284
1771249022.833120,30356,574184,302
1771249022.958056,30356,581014,310
1771249023.080663,30356,602674,340
1771249023.201841,30356,633264,347
1771249023.322695,30356,647750,392
1771249023.444926,30356,672662,386
1771249023.570645,30356,699468,339
1771249023.692178,30356,710066,376
1771249023.814330,30356,761542,368
1771249023.944150,30356,779710,426
1771249024.068442,30356,832700,401
1771249024.193422,30356,859952,462
1771249024.316143,30356,899316,428
1771249024.437438,30356,949278,433
1771249024.558621,30356,976530,493
1771249024.680443,30369,990156,512
1771249024.800894,30370,788794,336
1771249024.922811,30370,811674,408
1771249025.044525,30370,826814,441
1771249025.166932,30370,846326,409
1771249025.288740,30370,891746,463
1771249025.410379,30370,914456,425
1771249025.536271,30370,922026,363
1771249025.659270,30370,950910,407
1771249025.780406,30370,981190,428
1771249025.907728,30374,994698,429
1771249026.030443,30385,850868,336
1771249026.153672,30385,707038,325
1771249026.277885,30385,722178,299
1771249026.400775,30385,753972,336
1771249026.521663,30385,776682,318
1771249026.643937,30385,800906,364
1771249026.764683,30385,823616,338
1771249026.887965,30385,829672,386
1771249027.009772,30385,834214,358
1771249027.130095,30385,856924,374
1771249027.250733,30385,869036,396
1771249027.375664,30385,894774,379
1771249027.498824,30385,909914,406
1771249027.620867,30385,928082,426
1771249027.745368,30385,943222,412
1771249027.870540,30385,950792,403
1771249027.994764,30385,979558,469
1771249028.115699,30385,985614,450
1771249028.240858,30392,991670,436
1771249028.362271,30392,820588,363
1771249028.483741,30392,784294,380
1771249028.604497,30392,799392,348
1771249028.725954,30392,814532,395
1771249028.847488,30392,828158,374
1771249028.969215,30392,841954,402
1771249029.091497,30392,850868,397
1771249029.215938,30392,859952,380
1771249029.339296,30392,870550,434
1771249029.463784,30392,876606,401
1771249029.586149,30392,881148,387
1771249029.711097,30392,887204,392
1771249029.835985,30392,897972,373
1771249029.959460,30392,782738,332
1771249030.080721,30392,794850,348
1771249030.204751,30392,858438,400
1771249030.329045,30392,953820,479
1771249030.451730,30392,968960,484
1771249030.573014,30392,991670,477
1771249030.696227,30401,993184,465
1771249030.817276,30404,832700,417
1771249030.939760,30404,750944,375
1771249031.062240,30404,778352,392
1771249031.183263,30404,806962,398
1771249031.307374,30404,884176,429
1771249031.432057,30404,935652,484
1771249031.553715,30404,955334,417
1771249031.673841,30405,990156,432
1771249031.794189,30414,979558,410
1771249031.915507,30414,799392,361
1771249032.038010,30414,782738,354
1771249032.160652,30414,791000,372
1771249032.284326,30414,914456,418
1771249032.406197,30414,906886,413
1771249032.530286,30414,961390,444
1771249032.654875,30416,993184,465
1771249032.776527,30424,997726,466
1771249032.899700,30425,867522,418
1771249033.021085,30425,823616,406
1771249033.142154,30425,861466,415
1771249033.263244,30425,894774,416
1771249033.384672,30425,918998,441
1771249033.506044,30435,905372,425
1771249033.627993,30435,758514,362
1771249033.748749,30435,731262,348
1771249033.869060,30435,726720,338
1771249033.992235,30435,760028,316
1771249034.114552,30435,820588,330
1771249034.238455,30435,852382,354
1771249034.361731,30435,905372,382
1771249034.483646,30435,946250,389
1771249034.604107,30442,994698,418
1771249034.728688,30470,884176,368
1771249034.850613,30470,731262,301
1771249034.972875,30470,748086,310
1771249035.094827,30470,764570,312
1771249035.217548,30470,825000,347
1771249035.338188,30470,820588,331
1771249035.461654,30470,912942,379
1771249035.582969,30471,994698,406
1771249035.705294,30486,993184,412
1771249035.827155,30487,961390,395
1771249035.949539,30487,808476,340
1771249036.072269,30487,884176,363
1771249036.195583,30487,949278,385
1771249036.319651,30489,999240,408
1771249036.443443,30542,982586,398
1771249036.564005,30542,772140,325
1771249036.685589,30542,764570,312
1771249036.809312,30542,782738,319
1771249036.932072,30542,799392,327
1771249037.053346,30542,944736,381
1771249037.174315,30542,858438,351
1771249037.295350,30542,978044,399
1771249037.416609,30570,991670,401
1771249037.537438,30571,973620,395
1771249037.661160,30616,988642,390
1771249037.783535,30621,820588,336
1771249037.904829,30621,929596,368
1771249038.030564,30632,993184,397
1771249038.152411,30652,979558,399
1771249038.273199,30672,996212,359
1771249038.396340,30675,841784,345
1771249038.517518,30675,911428,364
1771249038.638970,30675,981072,390
1771249038.761343,30695,996212,397
1771249038.881789,30711,953820,375
1771249039.003386,30711,841784,338
1771249039.127603,30711,912942,358
1771249039.251170,30711,991670,390
1771249039.374746,30740,988642,394
1771249039.495175,30741,984100,374
1771249039.615789,30741,850868,336
1771249039.736570,30741,931110,365
1771249039.857952,30741,988642,389
1771249039.981229,30772,994868,390
1771249040.101366,30786,957018,356
1771249040.223490,30786,906886,353
1771249040.346627,30787,993184,387
1771249040.470101,30821,964000,386
1771249040.590382,30838,990156,386
1771249040.711638,30896,926568,342
1771249040.833132,30896,864494,338
1771249040.953950,30896,981072,380
1771249041.074843,30928,996212,386
1771249041.195504,30941,996212,386
1771249041.318997,31009,985614,346
1771249041.442185,31009,903858,357
1771249041.565499,31016,996212,386
1771249041.686458,31043,984100,382
1771249041.811398,31077,994698,381
1771249041.932463,31140,982586,347
1771249042.054774,31142,993184,385
1771249042.175701,31190,993184,381
1771249042.297096,31193,367902,142
1771249042.418254,31193,0,0
1771249042.538485,31193,0,0
1771249042.659107,31193,228614,93
1771249042.779430,31193,390612,150
1771249042.901369,31193,417864,168
1771249043.023440,31193,419378,162
1771249043.144156,31193,408780,164
1771249043.268169,31193,431490,208
1771249043.391006,31193,429976,202
1771249043.513657,31193,396668,178
1771249043.634426,31193,419378,196
1771249043.757444,31193,423920,199
1771249043.878955,31193,431490,199
1771249043.999891,31193,405752,182
1771249044.124156,31193,431490,207
1771249044.245060,31193,428462,205
1771249044.366723,31193,434518,202
1771249044.486982,31193,420892,187
1771249044.610377,31193,414836,193
1771249044.731734,31193,433004,212
1771249044.855468,31193,434518,207
1771249044.976116,31193,446630,200
1771249045.099982,31193,448144,202
1771249045.223756,31193,455714,214
1771249045.344042,31193,442088,216
1771249045.466227,31193,454200,218
1771249045.588142,31193,460256,218
1771249045.710444,31193,460256,208
1771249045.831545,31193,473882,207
1771249045.955632,31193,466312,199
1771249046.077208,31193,476910,214
1771249046.199078,31193,476910,225
1771249046.323100,31193,473882,233
1771249046.449651,31193,485994,241
1771249046.574809,31193,487508,240
1771249046.696913,31193,498106,238
1771249046.821242,31193,501134,239
1771249046.945415,31193,495078,235
1771249047.070868,31193,508704,239
1771249047.196131,31193,517788,238
1771249047.320533,31193,516274,237
1771249047.444493,31193,523844,240
1771249047.565047,31193,531414,246
1771249047.686675,31193,535956,256
1771249047.810425,31193,548068,268
1771249047.934283,31193,558836,280
1771249048.058334,31193,572292,287
1771249048.180357,31193,575320,272
1771249048.304193,31193,584404,249
1771249048.428160,31193,588946,265
1771249048.549773,31193,604256,291
1771249048.671632,31193,629824,321
1771249048.792559,31193,628310,290
1771249048.914136,31193,638908,291
1771249049.034590,31193,652534,329
1771249049.159284,31193,669188,315
1771249049.282091,31193,700982,321
1771249049.405944,31193,734290,373
1771249049.529034,31193,770626,331
1771249049.651704,31193,806962,406
1771249049.773733,31193,861466,391
1771249049.897392,31193,900830,449
1771249050.021548,31193,941708,457
1771249050.144971,31195,993184,453
1771249050.265885,31214,929596,409
1771249050.390272,31214,704010,344
1771249050.513499,31214,726720,330
1771249050.637201,31214,738832,347
1771249050.759286,31214,767598,359
1771249050.883978,31214,782738,362
1771249051.005888,31214,806962,368
1771249051.128004,31214,829672,397
1771249051.251029,31214,841784,367
1771249051.372617,31214,861466,428
1771249051.493465,31214,881148,411
1771249051.615101,31214,884176,392
1771249051.736185,31214,893260,445
1771249051.857333,31214,900830,412
1771249051.981449,31214,912942,398
1771249052.102853,31214,928082,458
1771249052.228725,31214,937166,444
1771249052.350203,31214,949278,420
1771249052.474304,31214,959876,436
1771249052.597612,31214,908400,449
1771249052.722451,31214,849472,375
1771249052.847319,31214,861466,395
1771249052.972420,31214,970644,466
1771249053.096007,31231,970474,438
1771249053.217109,31231,678272,317
1771249053.338689,31231,669188,305
1771249053.459830,31231,702496,359
1771249053.581456,31231,772140,347
1771249053.702135,31231,849354,426
1771249053.823933,31231,859952,401
1771249053.947050,31231,896458,413
1771249054.069326,31231,928082,463
1771249054.190100,31231,947764,444
1771249054.311511,31233,996212,430
1771249054.434199,31239,890232,398
1771249054.558035,31239,760028,361
1771249054.679435,31239,773654,363
1771249054.801061,31239,793336,377
1771249054.922549,31239,853896,393
1771249055.044176,31239,829672,401
1771249055.168452,31239,900830,428
1771249055.290611,31239,922200,438
1771249055.413170,31239,954040,467
1771249055.537084,31246,982784,469
1771249055.662828,31246,893260,420
1771249055.785036,31246,915970,452
1771249055.906824,31246,937166,462
1771249056.031079,31246,982586,476
1771249056.153322,31266,959876,466
1771249056.278104,31266,819074,428
1771249056.399940,31266,846326,421
1771249056.521497,31266,866008,432
1771249056.643557,31266,915970,470
1771249056.764616,31266,915970,454
1771249056.886435,31266,970474,490
1771249057.007472,31281,996212,520
1771249057.131969,31285,888718,487
1771249057.253131,31285,811504,420
1771249057.377665,31285,773654,409
1771249057.502330,31285,887204,454
1771249057.625514,31285,947764,489
1771249057.746738,31291,993184,559
1771249057.866987,31342,953820,573
1771249057.991518,31342,797878,470
1771249058.111716,31342,822102,493
1771249058.236608,31342,853896,499
1771249058.357707,31342,902344,532
1771249058.479730,31351,970474,581
1771249058.600618,31351,864494,517
1771249058.722900,31351,947764,567
1771249058.845364,31371,994698,603
1771249058.970621,31385,943392,581
1771249059.092727,31385,855410,522
1771249059.215300,31385,850868,521
1771249059.340039,31385,925248,567
1771249059.465208,31399,991930,603
1771249059.586333,31436,978044,599
1771249059.707823,31436,766254,478
1771249059.829354,31436,797878,488
1771249059.952255,31436,820588,507
1771249060.073261,31436,861466,533
1771249060.196050,31439,996212,619
1771249060.321272,31457,819074,507
1771249060.443822,31457,846326,528
1771249060.564816,31457,940194,587
1771249060.689551,31472,996212,625
1771249060.811475,31541,949320,599
1771249060.936139,31541,800906,500
1771249061.056969,31541,875092,551
1771249061.177100,31541,931110,585
1771249061.299820,31541,985614,617
1771249061.421720,31655,959876,612
1771249061.544355,31655,817560,517
1771249061.670581,31655,829672,524
1771249061.793748,31655,912942,581
1771249061.916615,31655,994698,633
1771249062.037978,31772,891746,568
1771249062.160992,31772,811504,524
1771249062.285748,31772,870550,560
1771249062.407774,31772,943222,610
1771249062.529099,31823,996212,644
1771249062.649467,31904,825000,548
1771249062.771630,31904,846326,548
1771249062.894046,31904,923540,566
1771249063.020260,31904,978044,542
1771249063.142006,31989,997726,554
1771249063.263513,32006,816046,448
1771249063.388492,32006,263436,159
1771249063.509476,32006,1514,1
1771249063.634280,32006,10598,4
1771249063.756131,32006,277062,147
1771249063.881952,32006,378500,195
1771249064.004556,32006,407266,221
1771249064.124920,32006,416350,224
1771249064.245536,32006,419378,217
1771249064.368330,32006,401210,204
1771249064.489565,32006,437546,233
1771249064.610907,32006,416350,223
1771249064.735445,32006,424090,218
1771249064.856438,32006,428540,221
1771249064.984009,32006,434518,226
1771249065.106761,32006,446630,232
1771249065.227327,32006,445116,224
1771249065.348359,32006,451172,223
1771249065.469055,32006,448144,218
1771249065.593639,32006,443602,229
1771249065.715549,32006,455714,240
1771249065.840469,32006,469340,245
1771249065.961215,32006,448000,229
1771249066.083305,32006,472368,224
1771249066.205975,32006,478424,221
1771249066.329859,32006,478424,219
1771249066.453717,32006,478424,226
1771249066.578660,32006,478424,236
1771249066.703192,32006,495078,248
1771249066.824789,32006,492050,245
1771249066.947771,32006,499620,250
1771249067.070021,32006,501134,250
1771249067.191941,32006,487508,239
1771249067.315070,32006,501134,246
1771249067.436174,32006,505676,247
1771249067.561578,32006,516274,253
1771249067.683355,32006,522330,255
1771249067.808956,32006,516274,248
1771249067.930995,32006,517788,253
1771249068.056352,32006,516000,255
1771249068.182067,32006,537470,257
1771249068.308239,32006,540498,258
1771249068.431571,32006,546554,262
1771249068.553817,32006,540498,262
1771249068.675034,32006,542012,254
1771249068.799673,32006,554124,255
1771249068.920189,32006,560180,241
1771249069.043544,32006,564722,238
1771249069.167771,32006,576834,262
1771249069.289235,32006,570778,268
1771249069.412496,32006,581376,274
1771249069.533021,32006,585918,256
1771249069.653426,32006,585918,239
1771249069.776355,32006,596516,243
1771249069.897689,32006,608628,245
1771249070.021049,32006,607114,244
1771249070.143457,32006,625282,253
1771249070.264625,32006,644964,257
1771249070.388067,32006,664646,262
1771249070.509342,32006,685842,292
1771249070.631697,32006,722178,321
1771249070.753059,32006,743374,332
1771249070.875618,32006,769112,345
1771249070.996665,32006,791000,358
1771249071.120592,32006,832700,351
1771249071.245318,32006,897802,402
1771249071.366911,32006,941708,392
1771249071.490620,32006,988642,415
1771249071.613227,32024,991670,439
1771249071.736825,32026,752458,351
1771249071.858745,32026,725206,326
1771249071.983093,32026,747916,333
1771249072.105164,32026,770626,342
1771249072.225771,32026,806962,353
1771249072.349716,32026,826644,362
1771249072.473861,32026,847840,373
1771249072.597640,32026,850868,342
1771249072.723166,32026,869036,383
1771249072.844000,32026,882662,376
1771249072.969514,32026,896288,378
1771249073.091279,32026,908400,401
1771249073.215991,32026,926568,393
1771249073.337207,32026,934138,379
1771249073.460357,32026,944736,414
1771249073.581454,32026,955334,410
1771249073.703905,32026,870550,339
1771249073.827918,32026,840270,365
1771249073.950777,32026,855410,376
1771249074.073224,32030,996212,447
1771249074.196024,32048,961390,483
1771249074.318159,32048,719150,367
1771249074.440039,32048,708552,345
1771249074.561029,32048,767768,361
1771249074.686181,32048,846326,412
1771249074.810632,32048,884176,446
1771249074.931678,32048,915970,452
1771249075.052971,32048,947764,470
1771249075.174904,32048,967446,501
1771249075.300531,32054,994698,475
1771249075.425600,32072,902344,446
1771249075.546305,32072,723000,408
1771249075.666496,32072,764570,388
1771249075.787783,32072,788794,427
1771249075.909433,32072,823616,412
1771249076.030092,32072,849354,427
1771249076.155604,32072,900830,467
1771249076.282026,32072,938680,481
1771249076.404531,32072,962904,493
1771249076.525176,32086,996212,538
1771249076.646520,32092,869036,437
1771249076.767343,32092,820588,426
1771249076.890448,32092,831186,454
1771249077.015264,32092,858438,449
1771249077.139949,32092,918998,492
1771249077.262278,32092,903858,472
1771249077.383116,32093,964000,518
1771249077.508654,32115,978044,508
1771249077.630913,32115,816046,456
1771249077.755656,32115,800906,426
1771249077.877884,32115,817560,456
1771249078.003873,32115,920512,481
1771249078.128519,32115,979612,525
1771249078.251387,32144,993184,545
1771249078.373132,32152,891746,490
1771249078.494602,32152,852382,471
1771249078.618166,32152,915970,511
1771249078.745354,32152,956848,531
1771249078.873044,32171,993184,497
1771249078.993599,32200,855580,434
1771249079.114856,32200,779710,400
1771249079.238275,32200,794850,402
1771249079.363290,32200,817560,421
1771249079.486607,32200,905372,448
1771249079.608263,32200,902514,444
1771249079.731613,32200,978044,497
1771249079.851946,32239,994698,497
1771249079.973406,32239,956848,483
1771249080.096846,32261,996212,503
1771249080.222023,32285,823616,416
1771249080.343514,32285,850868,425
1771249080.466329,32285,949278,472
1771249080.590917,32307,996212,498
1771249080.712164,32334,961390,477
1771249080.836781,32334,855410,413
1771249080.962102,32334,906886,451
1771249081.089474,32334,975016,481
1771249081.214251,32355,993184,492
1771249081.335623,32363,981072,489
1771249081.460131,32365,855410,423
1771249081.587385,32365,926568,458
1771249081.708074,32370,993184,492
1771249081.830605,32396,990156,496
1771249081.952967,32423,993184,509
1771249082.077045,32450,797878,400
1771249082.202263,32450,852382,423
1771249082.325005,32450,920512,458
1771249082.452747,32450,988642,489
1771249082.577173,32532,978044,497
1771249082.697905,32532,825130,410
1771249082.823509,32532,882662,438
1771249082.946273,32532,944736,467
1771249083.068856,32546,991670,492
1771249083.195129,32609,930000,487
1771249083.317737,32609,823616,408
1771249083.439041,32609,888718,440
1771249083.560598,32609,938680,463
1771249083.683552,32616,991670,488
1771249083.805238,32699,949278,484
1771249083.927098,32699,838756,424
1771249084.049539,32699,911598,455
1771249084.173877,32704,988642,493
1771249084.294659,32737,985614,493
1771249084.415887,32778,970474,487
1771249084.537252,32778,0,0
1771249084.658834,32778,0,0
1771249084.782791,32778,149886,67
1771249084.906619,32778,287660,124
1771249085.034495,32778,390612,159
1771249085.160786,32778,410294,175
1771249085.282904,32778,428462,181
1771249085.404537,32778,408780,175
1771249085.528687,32778,419378,185
1771249085.652919,32778,405752,173
1771249085.774815,32778,402842,175
1771249085.898952,32778,408780,159
1771249086.021208,32778,411808,156
1771249086.142780,32778,425434,158
1771249086.265547,32778,425434,161
1771249086.387816,32778,429976,175
1771249086.510770,32778,419378,163
1771249086.631563,32778,429976,159
1771249086.754034,32778,439060,166
1771249086.876147,32778,437546,175
1771249086.999165,32778,442088,187
1771249087.127056,32778,452686,183
1771249087.251595,32778,442088,170
1771249087.373180,32778,457228,179
1771249087.497175,32778,451172,186
1771249087.618469,32778,454200,198
1771249087.741085,32778,455714,190
1771249087.863482,32778,464798,191
1771249087.990551,32778,463454,192
1771249088.112443,32778,475396,188
1771249088.235975,32778,476910,193
1771249088.357583,32778,479938,198
1771249088.481635,32778,492050,206
1771249088.603092,32778,499620,217
1771249088.725367,32778,496592,219
1771249088.849262,32778,502648,223
1771249088.969730,32778,498106,225
1771249089.094070,32778,510218,239
1771249089.214692,32778,510218,244
1771249089.338040,32778,516274,243
1771249089.465612,32778,517788,240
1771249089.587015,32778,520816,251
1771249089.714697,32778,522330,244
1771249089.841291,32778,532928,258
1771249089.962412,32778,540498,258
1771249090.085826,32778,552610,249
