1771018156.935810,2764693,0,0
1771018157.054144,2764693,0,0
1771018157.172203,2764693,0,0
1771018157.290214,2764693,0,0
1771018157.408321,2764693,0,0
1771018157.526498,2764693,0,0
1771018157.644837,2764693,0,0
1771018157.763317,2764693,0,0
1771018157.881861,2764693,0,0
1771018158.000906,2764693,0,0
1771018158.120058,2764693,0,0
1771018158.239063,2764693,21365,14
1771018158.357417,2764693,655562,213
1771018158.477439,2764693,735804,191
1771018158.597986,2764693,529900,208
1771018158.716868,2764693,758514,320
1771018158.835634,2764693,808476,342
1771018158.957876,2764693,835728,332
1771018159.076543,2764693,849354,366
1771018159.197615,2764693,814532,345
1771018159.319757,2764693,834214,345
1771018159.444032,2764693,884176,378
1771018159.568537,2764693,867522,342
1771018159.691078,2764693,922026,390
1771018159.813434,2764693,914456,388
1771018159.935843,2764693,955334,380
1771018160.058573,2764697,996212,402
1771018160.177281,2764710,944736,415
1771018160.295676,2764710,794850,354
1771018160.417973,2764710,817560,324
1771018160.540517,2764710,834214,384
1771018160.663933,2764710,861466,358
1771018160.787007,2764710,896458,397
1771018160.908708,2764710,902344,412
1771018161.029023,2764710,931110,401
1771018161.150038,2764710,964418,407
1771018161.273417,2764714,994698,464
1771018161.392919,2764723,962904,459
1771018161.515028,2764723,847840,380
1771018161.640043,2764723,837242,399
1771018161.762787,2764723,861466,408
1771018161.884622,2764723,873578,381
1771018162.006233,2764723,890232,442
1771018162.128629,2764723,926568,439
1771018162.251648,2764723,930000,427
1771018162.375712,2764724,988642,484
1771018162.500436,2764731,982586,491
1771018162.625093,2764740,949278,463
1771018162.748070,2764740,831186,361
1771018162.868548,2764740,767598,381
1771018162.987670,2764740,779710,350
1771018163.107968,2764740,791822,398
1771018163.226893,2764740,799392,360
1771018163.345319,2764740,811504,380
1771018163.466613,2764740,834214,427
1771018163.585285,2764740,838756,379
1771018163.705316,2764740,856924,434
1771018163.824916,2764740,850868,419
1771018163.944910,2764740,852382,387
1771018164.064710,2764740,869036,437
1771018164.183998,2764740,872064,423
1771018164.302999,2764740,891746,405
1771018164.425409,2764740,887204,446
1771018164.545156,2764740,894774,451
1771018164.664881,2764740,908400,409
1771018164.784202,2764740,909914,439
1771018164.905827,2764740,914456,458
1771018165.024492,2764740,915970,420
1771018165.145151,2764740,922026,425
1771018165.268647,2764740,918998,465
1771018165.391830,2764740,929596,455
1771018165.512296,2764740,932624,429
1771018165.631912,2764740,934138,458
1771018165.750540,2764740,938680,468
1771018165.874408,2764740,946250,454
1771018165.997700,2764740,930000,440
1771018166.117769,2764740,953820,480
1771018166.237412,2764740,947764,469
1771018166.356224,2764740,970474,472
1771018166.475013,2764740,971988,457
1771018166.594557,2764740,975016,470
1771018166.717192,2764740,984100,494
1771018166.838655,2764740,985614,509
1771018166.967105,2764740,981072,436
1771018167.087431,2764743,990156,377
1771018167.210515,2764743,922196,378
1771018167.333991,2764743,794850,317
1771018167.459262,2764743,813018,313
1771018167.578069,2764743,828158,341
1771018167.701438,2764743,861466,350
1771018167.820322,2764743,869036,363
1771018167.940597,2764743,885690,367
1771018168.062129,2764743,896288,364
1771018168.183667,2764743,911428,371
1771018168.305390,2764743,908400,369
1771018168.427299,2764743,826644,316
1771018168.548338,2764743,840270,333
1771018168.669623,2764743,917484,378
1771018168.792436,2764751,976530,383
1771018168.915654,2764751,752458,285
1771018169.041497,2764751,767598,306
1771018169.162798,2764751,800906,319
1771018169.284458,2764751,862980,362
1771018169.408654,2764751,928082,382
1771018169.527436,2764751,973502,405
1771018169.649036,2764751,975016,411
1771018169.769074,2764758,996212,414
1771018169.888555,2764763,873578,392
1771018170.007047,2764763,781224,336
1771018170.128944,2764763,835728,369
1771018170.248711,2764763,859952,374
1771018170.368386,2764763,900830,403
1771018170.488060,2764763,946250,423
1771018170.607635,2764763,973502,424
1771018170.730524,2764766,990326,425
1771018170.854291,2764798,947764,424
1771018170.978555,2764798,714608,328
1771018171.102805,2764798,699468,317
1771018171.225761,2764798,723692,317
1771018171.346349,2764798,750944,336
1771018171.467350,2764798,858438,380
1771018171.590581,2764798,825000,382
1771018171.714071,2764798,908400,420
1771018171.838541,2764798,953820,425
1771018171.962763,2764798,971988,441
1771018172.085409,2764823,993184,450
1771018172.205634,2764823,767598,354
1771018172.325865,2764823,764570,347
1771018172.444480,2764823,784252,364
1771018172.564842,2764823,794850,358
1771018172.685854,2764823,902344,413
1771018172.804860,2764823,869036,402
1771018172.924993,2764823,962904,440
1771018173.045155,2764832,996212,470
1771018173.164307,2764838,949278,453
1771018173.283063,2764838,843298,400
1771018173.402327,2764838,757000,363
1771018173.520800,2764838,853896,410
1771018173.640966,2764838,902344,431
1771018173.763091,2764838,944736,448
1771018173.886012,2764871,993184,474
1771018174.009076,2764873,757000,371
1771018174.129303,2764873,800906,385
1771018174.248549,2764873,837242,409
1771018174.367820,2764873,875092,427
1771018174.486880,2764880,996212,483
1771018174.605854,2764882,873578,432
1771018174.725110,2764882,925054,457
1771018174.844297,2764900,996212,491
1771018174.965978,2764917,964418,489
1771018175.089869,2764925,990156,499
1771018175.213700,2764933,838756,423
1771018175.333805,2764933,837242,418
1771018175.453814,2764933,922026,464
1771018175.575032,2764934,994698,500
1771018175.697552,2764991,978044,494
1771018175.817817,2764991,835728,439
1771018175.942564,2764991,884176,456
1771018176.066763,2764991,946250,486
1771018176.190778,2764993,999240,514
1771018176.314777,2765060,981072,500
1771018176.437592,2765060,840270,442
1771018176.557443,2765060,890232,457
1771018176.676864,2765060,949278,493
1771018176.796489,2765066,991670,518
1771018176.916633,2765121,959876,468
1771018177.038533,2765121,837242,437
1771018177.162521,2765121,905372,471
1771018177.286951,2765121,990156,514
1771018177.410208,2765153,985614,510
1771018177.533848,2765155,970474,481
1771018177.657585,2765155,855410,448
1771018177.781830,2765155,943222,487
1771018177.901758,2765164,991670,517
1771018178.023317,2765186,990156,520
1771018178.142285,2765247,994698,530
1771018178.265230,2765253,852382,521
1771018178.385482,2765253,943222,569
1771018178.505655,2765269,994698,601
1771018178.625491,2765296,990156,605
1771018178.744285,2765368,996212,562
1771018178.864494,2765387,822102,499
1771018178.985039,2765387,900830,543
1771018179.104108,2765387,971988,588
1771018179.222868,2765416,994698,607
1771018179.342600,2765426,994698,567
1771018179.462736,2765449,866008,525
1771018179.581619,2765449,884176,536
1771018179.700535,2765449,976530,596
1771018179.820671,2765498,996212,606
1771018179.940646,2765524,993184,512
1771018180.060364,2765570,879804,456
1771018180.181883,2765570,968960,496
1771018180.305424,2765617,997726,519
1771018180.425662,2765625,996212,521
1771018180.545215,2765683,996212,493
1771018180.664509,2765684,893260,436
1771018180.784018,2765684,943222,485
1771018180.905455,2765707,996212,513
1771018181.025870,2765731,964000,512
1771018181.148958,2765756,767598,333
1771018181.268874,2765756,0,0
1771018181.388975,2765756,3028,1
1771018181.509474,2765756,269492,137
1771018181.629626,2765756,452686,221
1771018181.749382,2765756,449658,231
1771018181.868759,2765756,448000,234
1771018181.989457,2765756,457228,213
1771018182.110698,2765756,436032,217
1771018182.233525,2765756,429976,214
1771018182.353802,2765756,436032,218
1771018182.473997,2765756,443602,222
1771018182.598840,2765756,437546,214
1771018182.719977,2765756,433004,202
1771018182.842181,2765756,440574,211
1771018182.961288,2765756,440574,214
1771018183.082990,2765756,439060,217
1771018183.206524,2765756,463284,224
1771018183.330091,2765756,454200,210
1771018183.453215,2765756,470854,214
1771018183.575179,2765756,496592,221
1771018183.701744,2765756,487508,221
1771018183.824434,2765756,502648,222
1771018183.949418,2765756,510218,231
1771018184.073109,2765756,538984,238
1771018184.192695,2765756,537470,237
1771018184.314634,2765756,558666,236
1771018184.436130,2765756,579862,245
1771018184.560927,2765756,602572,270
1771018184.682144,2765756,608628,254
1771018184.804406,2765756,637394,272
1771018184.927395,2765756,675244,278
1771018185.050164,2765756,687356,287
1771018185.172392,2765756,708552,287
1771018185.296441,2765756,738832,311
1771018185.418419,2765756,773654,302
1771018185.540929,2765756,813018,333
1771018185.663476,2765756,841784,337
1771018185.788299,2765756,869036,346
1771018185.912249,2765756,918998,361
1771018186.035908,2765756,950792,360
1771018186.161313,2765756,984100,379
1771018186.283420,2765769,994698,345
1771018186.407274,2765770,802420,276
1771018186.531404,2765770,793336,315
1771018186.655463,2765770,808476,312
1771018186.777931,2765770,816046,322
1771018186.897533,2765770,832700,330
1771018187.018180,2765770,849354,332
1771018187.145372,2765770,853896,412
1771018187.267084,2765770,867522,405
1771018187.391891,2765770,881148,423
1771018187.513512,2765770,893260,441
1771018187.635901,2765770,903858,416
1771018187.757975,2765770,915970,434
1771018187.882410,2765770,928082,458
1771018188.005762,2765770,941708,445
1771018188.128593,2765770,962904,439
1771018188.247674,2765770,973502,482
1771018188.369924,2765775,997726,493
1771018188.493621,2765782,912942,466
1771018188.617086,2765782,813018,348
1771018188.736015,2765782,849354,378
1771018188.859170,2765782,861466,361
1771018188.978703,2765782,887374,377
1771018189.101473,2765782,909914,401
1771018189.222924,2765782,934138,399
1771018189.344240,2765782,950792,395
1771018189.463669,2765782,964418,435
1771018189.583063,2765782,984100,429
1771018189.702703,2765782,988642,425
1771018189.825258,2765791,994698,423
1771018189.945090,2765791,853896,373
1771018190.065441,2765791,873578,436
1771018190.186464,2765791,891746,418
1771018190.308739,2765791,917484,456
1771018190.429560,2765791,940194,535
1771018190.551420,2765791,955334,545
1771018190.673311,2765791,976530,567
1771018190.793278,2765795,990156,577
1771018190.912699,2765804,961390,565
1771018191.032957,2765804,760028,391
1771018191.153007,2765804,788794,457
1771018191.274242,2765804,823616,445
1771018191.397378,2765804,853896,450
1771018191.519540,2765804,784252,397
1771018191.644395,2765804,785766,396
1771018191.768127,2765804,814532,409
1771018191.890877,2765804,956848,492
1771018192.016468,2765812,993184,516
1771018192.140393,2765822,866008,444
1771018192.264331,2765822,717636,355
1771018192.386282,2765822,753972,376
1771018192.508265,2765822,796364,397
1771018192.630558,2765822,831186,462
1771018192.753232,2765822,867522,506
1771018192.877283,2765822,917484,512
1771018193.000538,2765849,899316,495
1771018193.124510,2765849,793336,437
1771018193.247325,2765849,852382,498
1771018193.370022,2765849,885690,510
1771018193.493008,2765849,909914,526
1771018193.616759,2765849,934138,538
1771018193.739944,2765871,955334,549
1771018193.859299,2765871,791000,450
1771018193.982129,2765871,778196,449
1771018194.106445,2765871,820588,464
1771018194.229933,2765871,875092,492
1771018194.353969,2765871,896288,506
1771018194.472576,2765871,946250,531
1771018194.591457,2765871,946250,537
1771018194.712340,2765873,994698,560
1771018194.831788,2765894,981072,547
1771018194.953690,2765894,861466,477
1771018195.073455,2765894,837242,462
1771018195.197013,2765894,859952,474
1771018195.319643,2765894,923540,508
1771018195.442448,2765894,970474,527
1771018195.565129,2765908,996212,501
1771018195.687992,2765911,955334,482
1771018195.810630,2765911,850868,429
1771018195.932479,2765911,869036,430
1771018196.055660,2765911,929596,465
1771018196.180488,2765911,985614,493
1771018196.304792,2765930,967000,499
1771018196.428922,2765932,887204,459
1771018196.552468,2765932,888718,433
1771018196.676473,2765932,894774,445
1771018196.800414,2765932,964496,487
1771018196.925030,2765953,997726,487
1771018197.048105,2765961,872064,441
1771018197.172615,2765961,806962,403
1771018197.296317,2765961,837242,403
1771018197.420297,2765961,929596,471
1771018197.538930,2765968,996212,491
1771018197.660593,2765981,946250,483
1771018197.784317,2765986,997726,495
1771018197.907590,2766011,984100,491
1771018198.032344,2766027,937166,466
1771018198.156598,2766032,996212,488
1771018198.280517,2766060,955334,471
1771018198.404333,2766060,911428,448
1771018198.528264,2766060,956848,461
1771018198.652224,2766101,994698,490
1771018198.776223,2766103,978044,479
1771018198.900033,2766141,962904,475
1771018199.021653,2766141,943222,418
1771018199.143749,2766143,993184,418
1771018199.265812,2766237,994698,430
1771018199.391858,2766239,967446,418
1771018199.513253,2766277,978044,447
1771018199.635167,2766308,994698,516
1771018199.760307,2766345,993354,501
1771018199.884074,2766421,997726,508
1771018200.008543,2766464,996212,518
1771018200.132231,2766548,991670,489
1771018200.252817,2766594,999240,515
1771018200.374361,2766653,999240,498
1771018200.493918,2766742,997896,502
1771018200.613293,2766804,990156,505
1771018200.732836,2766893,991670,442
1771018200.853025,2766926,994698,521
1771018200.972555,2766996,984100,508
1771018201.093414,2767052,996212,520
1771018201.211983,2767137,996212,510
1771018201.333823,2767248,994698,451
1771018201.456712,2767285,999240,526
1771018201.577218,2767390,997726,515
1771018201.698624,2767469,994698,515
1771018201.817308,2767577,993184,518
1771018201.939030,2767668,994698,458
1771018202.063880,2767697,956848,498
1771018202.187208,2767776,996212,529
1771018202.312426,2767811,909914,478
1771018202.433368,2767811,0,0
1771018202.551561,2767811,0,0
1771018202.676329,2767811,74186,39
1771018202.800635,2767811,264950,138
1771018202.922499,2767811,366388,182
1771018203.045467,2767811,419378,214
1771018203.165623,2767811,411808,205
1771018203.284378,2767811,413322,205
1771018203.402721,2767811,413322,208
1771018203.521403,2767811,429976,224
1771018203.642525,2767811,426948,219
1771018203.763311,2767811,423920,211
1771018203.886741,2767811,439060,211
1771018204.010779,2767811,452686,227
1771018204.129345,2767811,454200,226
1771018204.248778,2767811,467826,235
1771018204.369965,2767811,476910,236
1771018204.490333,2767811,496592,243
1771018204.609689,2767811,501134,242
1771018204.731948,2767811,514760,254
1771018204.851450,2767811,523844,255
1771018204.974096,2767811,535956,259
1771018205.098241,2767811,542012,261
1771018205.221844,2767811,557152,269
1771018205.343775,2767811,587432,277
1771018205.467979,2767811,614684,283
1771018205.587904,2767811,619226,289
1771018205.709884,2767811,636050,295
1771018205.836653,2767811,666160,304
1771018205.958797,2767811,704010,297
1771018206.083761,2767811,729748,316
1771018206.208397,2767811,770626,320
1771018206.331926,2767811,802420,350
1771018206.456780,2767811,841784,357
1771018206.580083,2767811,866008,388
1771018206.704041,2767811,903858,378
1771018206.824109,2767811,958362,457
1771018206.945872,2767814,997726,487
1771018207.065613,2767822,917484,443
1771018207.185924,2767822,711580,364
1771018207.307102,2767822,778196,380
1771018207.429172,2767822,779710,415
1771018207.551473,2767822,794850,385
1771018207.676024,2767822,803934,427
1771018207.800683,2767822,814532,410
1771018207.924146,2767822,840270,435
1771018208.042684,2767822,843298,447
1771018208.166306,2767822,866008,422
1771018208.287388,2767822,881148,474
1771018208.414087,2767822,862980,449
1771018208.540259,2767822,887204,445
1771018208.659763,2767822,896288,488
1771018208.784704,2767822,915970,467
1771018208.906160,2767822,929596,473
1771018209.029257,2767822,930000,524
1771018209.149002,2767822,978044,538
1771018209.270658,2767822,993184,512
1771018209.389749,2767829,993184,514
1771018209.509716,2767829,850868,479
1771018209.631075,2767829,816046,462
1771018209.756382,2767829,835728,421
1771018209.879759,2767829,852382,487
1771018210.001322,2767829,878120,465
1771018210.122087,2767829,879634,487
1771018210.241023,2767829,897802,518
1771018210.359902,2767829,902344,484
1771018210.478621,2767829,909914,482
1771018210.598833,2767829,914456,521
1771018210.725850,2767829,923540,508
1771018210.846457,2767829,932624,492
1771018210.965282,2767829,932624,523
1771018211.084754,2767829,944736,540
1771018211.203875,2767829,941708,506
1771018211.328571,2767829,949278,499
1771018211.447889,2767829,958362,540
1771018211.571884,2767829,950792,548
1771018211.697906,2767829,959876,601
1771018211.817269,2767829,958532,597
1771018211.941393,2767829,949278,588
1771018212.061845,2767829,961390,607
1771018212.186191,2767829,959876,601
1771018212.309469,2767829,959876,600
1771018212.432540,2767841,940194,583
1771018212.556452,2767841,722178,393
1771018212.681063,2767841,728234,445
1771018212.805128,2767841,663132,424
1771018212.924035,2767841,669188,426
1771018213.043346,2767841,785766,482
1771018213.166793,2767841,816046,503
1771018213.289529,2767841,852382,521
1771018213.409299,2767841,894774,556
1771018213.530832,2767841,909914,551
1771018213.654032,2767841,943222,572
1771018213.778151,2767841,962904,582
1771018213.902279,2767841,975016,595
1771018214.024581,2767849,994698,613
1771018214.143352,2767850,911428,550
1771018214.261650,2767850,923540,563
1771018214.381042,2767850,930000,586
1771018214.502418,2767850,965932,594
1771018214.628280,2767852,993184,606
1771018214.749295,2767855,981072,588
1771018214.869415,2767855,867522,528
1771018214.990794,2767855,888718,540
1771018215.116740,2767855,920512,545
1771018215.241503,2767855,943222,573
1771018215.362166,2767855,982586,595
1771018215.485680,2767865,996212,592
1771018215.611022,2767871,897802,512
1771018215.733066,2767871,787280,436
1771018215.855242,2767871,800906,470
1771018215.978093,2767871,849354,510
1771018216.100824,2767871,888718,527
1771018216.220688,2767871,918998,539
1771018216.343565,2767871,973502,584
1771018216.469371,2767871,981072,580
1771018216.593060,2767938,946250,559
1771018216.717033,2767938,917484,531
1771018216.841285,2767938,963074,561
1771018216.964464,2767939,982586,586
1771018217.088903,2767941,991670,582
1771018217.209934,2767953,976530,574
1771018217.328998,2767953,860122,500
1771018217.450476,2767953,820588,474
1771018217.573028,2767953,825130,473
1771018217.693575,2767953,885690,516
1771018217.812949,2767953,949278,545
1771018217.933206,2767953,993184,566
1771018218.052049,2767984,993184,583
1771018218.174226,2767985,850868,479
1771018218.296765,2767985,858438,496
1771018218.420663,2767985,876606,499
1771018218.543355,2767985,909914,515
1771018218.665053,2767985,973502,564
1771018218.785784,2767985,985614,548
1771018218.904868,2768009,994698,569
1771018219.024790,2768009,914456,508
1771018219.144532,2768009,866008,476
1771018219.264952,2768009,887204,495
1771018219.385085,2768009,950792,523
1771018219.505098,2768023,988642,549
1771018219.624629,2768048,978044,540
1771018219.748312,2768048,930000,514
1771018219.870581,2768048,917484,495
1771018219.996173,2768058,964000,544
1771018220.116444,2768080,985614,546
1771018220.237694,2768080,982586,527
1771018220.360592,2768125,996212,542
1771018220.483445,2768132,846326,448
1771018220.608665,2768132,881148,477
1771018220.732585,2768132,964418,509
1771018220.855818,2768165,993184,526
1771018220.975282,2768216,918998,498
1771018221.094935,2768216,847840,435
1771018221.217649,2768216,879634,459
1771018221.340697,2768216,965932,506
1771018221.461413,2768251,996212,514
1771018221.580706,2768271,891746,467
1771018221.704053,2768271,920512,467
1771018221.825291,2768271,991670,505
1771018221.946755,2768320,993184,508
1771018222.066049,2768340,996212,510
1771018222.185698,2768401,950792,488
1771018222.305407,2768404,988642,505
1771018222.426586,2768444,999240,512
1771018222.546449,2768453,994698,511
1771018222.670159,2768516,994698,512
1771018222.793566,2768522,940364,466
1771018222.913073,2768569,996212,515
1771018223.032161,2768577,89326,47
1771018223.153572,2768577,0,0
1771018223.273480,2768577,89326,50
1771018223.392601,2768577,289174,152
1771018223.514085,2768577,328538,177
1771018223.632463,2768577,378500,193
1771018223.752894,2768577,386070,200
1771018223.873012,2768577,411808,217
1771018223.992822,2768577,420892,217
1771018224.116947,2768577,404238,211
1771018224.240820,2768577,410294,226
1771018224.362919,2768577,410294,215
1771018224.481889,2768577,422406,218
1771018224.606018,2768577,411808,219
1771018224.730195,2768577,425434,236
1771018224.855213,2768577,428462,227
1771018224.979073,2768577,426948,225
1771018225.101134,2768577,425434,237
1771018225.223612,2768577,439060,241
1771018225.348454,2768577,442088,238
1771018225.472462,2768577,442088,236
1771018225.594707,2768577,440574,240
1771018225.720560,2768577,451172,253
1771018225.844947,2768577,449658,245
1771018225.967697,2768577,464798,255
1771018226.093051,2768577,449658,246
1771018226.217608,2768577,472368,261
1771018226.338066,2768577,463284,259
1771018226.457702,2768577,470854,268
1771018226.578491,2768577,479938,272
1771018226.698019,2768577,475396,270
1771018226.821661,2768577,490706,280
1771018226.941245,2768577,481452,261
1771018227.061515,2768577,482000,261
1771018227.181230,2768577,487508,258
1771018227.301271,2768577,495078,266
1771018227.421236,2768577,499620,267
1771018227.542832,2768577,510218,275
1771018227.665731,2768577,510218,271
1771018227.786145,2768577,516274,279
1771018227.909416,2768577,517788,280
1771018228.029329,2768577,525358,290
1771018228.147971,2768577,526872,297
1771018228.271492,2768577,531414,294
1771018228.390916,2768577,532928,290
1771018228.513222,2768577,546554,296
1771018228.633935,2768577,551096,289
1771018228.760431,2768577,551096,292
1771018228.883755,2768577,549582,292
1771018229.006893,2768577,558666,296
1771018229.130540,2768577,570778,311
1771018229.253205,2768577,569264,317
1771018229.372666,2768577,572292,314
1771018229.493094,2768577,581376,295
1771018229.615831,2768577,584574,292
1771018229.737181,2768577,587432,291
1771018229.858400,2768577,602572,320
1771018229.980788,2768577,611656,343
1771018230.100959,2768577,629824,318
1771018230.221784,2768577,651020,321
1771018230.341325,2768577,672216,374
1771018230.461736,2768577,700982,364
1771018230.582138,2768577,734290,387
1771018230.701326,2768577,767598,390
1771018230.821715,2768577,802420,435
1771018230.942652,2768577,849354,446
1771018231.065680,2768577,888718,489
1771018231.184872,2768577,946250,485
1771018231.306125,2768577,984100,518
1771018231.429726,2768593,962904,509
1771018231.549720,2768593,841784,487
1771018231.669679,2768593,840270,436
1771018231.789690,2768593,881318,478
1771018231.909743,2768593,915970,527
1771018232.030790,2768593,944736,513
1771018232.153554,2768593,970474,538
1771018232.276617,2768601,991670,534
1771018232.398787,2768604,852382,435
1771018232.521315,2768604,679956,344
1771018232.644192,2768604,722178,360
1771018232.768683,2768604,731262,363
1771018232.892244,2768604,755486,370
1771018233.016416,2768604,766084,363
1771018233.140282,2768604,782738,383
1771018233.262624,2768604,794850,384
1771018233.388902,2768604,685842,351
1771018233.513004,2768604,700982,317
1771018233.636869,2768604,847840,378
1771018233.760201,2768604,900830,396
1771018233.880164,2768604,908400,429
1771018234.001900,2768604,934138,417
1771018234.125580,2768604,930000,418
1771018234.247518,2768604,967446,435
1771018234.372706,2768604,984100,457
1771018234.496805,2768605,990156,431
1771018234.619037,2768615,953820,417
1771018234.740381,2768615,673730,315
1771018234.864923,2768615,682814,300
1771018234.988557,2768615,752458,351
1771018235.112505,2768615,811504,365
1771018235.236510,2768615,866008,406
1771018235.354932,2768615,890232,397
1771018235.474662,2768615,943222,422
1771018235.597462,2768615,962904,448
1771018235.717893,2768619,991670,448
1771018235.841746,2768631,902344,402
1771018235.961668,2768631,737318,331
1771018236.081488,2768631,744888,323
1771018236.201359,2768631,757000,343
1771018236.321420,2768631,831186,370
1771018236.441865,2768631,849354,375
1771018236.566272,2768631,899316,408
1771018236.689652,2768631,930000,413
1771018236.808934,2768631,987298,439
1771018236.929832,2768651,993184,446
1771018237.053530,2768657,769112,354
1771018237.174218,2768657,716122,320
1771018237.297874,2768657,744888,341
1771018237.418283,2768657,770626,345
1771018237.537296,2768657,849354,421
1771018237.657304,2768657,862980,422
1771018237.777648,2768657,949448,468
1771018237.897041,2768664,993184,485
1771018238.016803,2768673,967446,492
1771018238.137266,2768673,937166,461
1771018238.260507,2768673,894774,443
1771018238.380242,2768673,991670,481
1771018238.502378,2768697,994698,495
1771018238.627138,2768699,934138,482
1771018238.747664,2768699,915970,452
1771018238.870529,2768699,914456,469
1771018238.993868,2768725,993184,493
1771018239.113964,2768745,962904,487
1771018239.233541,2768745,971988,490
1771018239.353736,2768770,984100,476
1771018239.473509,2768770,841784,433
1771018239.593183,2768770,949278,479
1771018239.713087,2768791,964000,503
1771018239.834436,2768805,979728,505
1771018239.953540,2768833,990156,501
1771018240.077251,2768833,853896,443
1771018240.196651,2768833,970474,496
1771018240.317263,2768859,996212,506
1771018240.436293,2768872,982586,510
1771018240.556913,2768917,985614,486
1771018240.676864,2768917,813018,425
1771018240.797046,2768917,902344,463
1771018240.915948,2768919,988642,504
1771018241.037364,2768962,996212,516
1771018241.157091,2768968,915970,467
1771018241.275731,2768968,858438,451
1771018241.394584,2768968,949278,483
1771018241.513770,2768980,997726,514
1771018241.632645,2769001,964000,517
1771018241.751683,2769025,993184,495
1771018241.869893,2769031,884176,462
1771018241.988135,2769043,996212,508
1771018242.108821,2769098,991670,506
1771018242.229548,2769130,999240,514
1771018242.348526,2769203,981072,494
1771018242.467255,2769203,955334,501
1771018242.586433,2769272,997726,510
1771018242.709476,2769290,997726,510
1771018242.829324,2769370,996382,521
1771018242.948308,2769442,993184,445
1771018243.069456,2769459,994698,438
1771018243.191554,2769528,994698,436
1771018243.310150,2769580,994868,435
1771018243.432964,2769660,993184,432
1771018243.553077,2769767,994698,409
1771018243.672808,2769783,964000,489
1771018243.791766,2769858,993184,492
1771018243.913051,2769897,993184,488
1771018244.032901,2769981,993184,489
1771018244.152820,2770093,994698,442
1771018244.271537,2770107,978044,484
1771018244.392206,2770189,993184,487
1771018244.511924,2770207,993184,488
1771018244.631442,2770262,990156,495
1771018244.754198,2770316,996212,450
1771018244.873068,2770331,965932,478
1771018244.992740,2770331,128690,62
1771018245.113025,2770331,0,0
1771018245.232697,2770331,37850,18
1771018245.352970,2770331,334594,167
1771018245.471555,2770331,410294,209
1771018245.592426,2770331,417864,208
1771018245.713947,2770331,405752,200
1771018245.834455,2770331,396668,199
1771018245.958063,2770331,402724,206
1771018246.077119,2770331,413322,205
1771018246.197305,2770331,414836,205
1771018246.316291,2770331,420892,208
1771018246.437790,2770331,417864,200
1771018246.557394,2770331,419378,203
1771018246.676184,2770331,422406,202
1771018246.796783,2770331,433004,215
1771018246.919574,2770331,436032,219
1771018247.042031,2770331,440574,218
1771018247.164005,2770331,455714,222
1771018247.288034,2770331,452686,214
1771018247.412250,2770331,466312,223
1771018247.536238,2770331,457228,221
1771018247.656725,2770331,478424,229
1771018247.776823,2770331,478424,226
1771018247.897580,2770331,484480,225
1771018248.018045,2770331,508704,238
1771018248.141569,2770331,510218,236
1771018248.261818,2770331,516274,239
1771018248.389999,2770331,516274,235
1771018248.509184,2770331,523844,237
1771018248.629238,2770331,537470,240
1771018248.751447,2770331,566236,258
1771018248.874336,2770331,573806,259
1771018248.995820,2770331,588946,264
1771018249.118252,2770331,604086,275
1771018249.246918,2770331,625282,270
1771018249.368602,2770331,647992,257
1771018249.487663,2770331,667674,271
1771018249.608961,2770331,691898,281
1771018249.730097,2770331,722178,274
1771018249.853355,2770331,738832,290
1771018249.972021,2770331,784252,279
1771018250.093006,2770331,805448,293
1771018250.213664,2770331,847840,285
1771018250.332638,2770331,867522,274
1771018250.456362,2770331,920512,304
1771018250.580845,2770331,949278,309
1771018250.704410,2770332,987347,291
1771018250.825889,2770338,973700,316
1771018250.947172,2770340,764570,238
1771018251.071997,2770340,806962,248
1771018251.193547,2770340,811504,270
1771018251.315817,2770340,828158,255
1771018251.439881,2770340,831186,279
1771018251.563882,2770340,859952,295
1771018251.687024,2770340,878120,275
1771018251.805923,2770340,881148,289
1771018251.927409,2770340,900830,305
1771018252.049885,2770340,925054,282
1771018252.173637,2770340,955334,314
1771018252.294334,2770340,981072,307
1771018252.415300,2770345,994698,324
1771018252.537050,2770347,864494,282
1771018252.656594,2770347,743374,262
1771018252.778013,2770347,776682,252
1771018252.901026,2770347,805448,283
1771018253.021142,2770347,829672,286
1771018253.140804,2770347,862980,311
1771018253.261144,2770347,866008,304
1771018253.380946,2770347,890232,294
1771018253.501515,2770347,914456,324
1771018253.621368,2770347,926568,314
1771018253.740524,2770347,953820,338
1771018253.861259,2770347,967616,320
1771018253.983100,2770347,988642,350
1771018254.106765,2770353,973502,345
1771018254.230423,2770353,779710,303
1771018254.353316,2770353,753972,306
1771018254.475126,2770353,781224,309
1771018254.596485,2770353,794850,324
1771018254.716703,2770353,805448,317
1771018254.837745,2770353,822102,319
1771018254.957809,2770353,832700,329
1771018255.081663,2770353,835728,331
1771018255.201179,2770353,829672,330
1771018255.322244,2770353,735804,263
1771018255.445051,2770353,723000,264
1771018255.564337,2770353,796364,288
1771018255.685006,2770353,899316,313
1771018255.804456,2770353,928082,371
1771018255.924842,2770353,943222,377
1771018256.046339,2770353,955334,381
1771018256.170536,2770353,985656,473
1771018256.294993,2770356,990156,461
1771018256.424114,2770360,911428,423
1771018256.543662,2770360,738832,371
1771018256.665779,2770360,776682,381
1771018256.792330,2770360,856924,438
1771018256.915377,2770360,856924,403
1771018257.035165,2770360,908400,441
1771018257.158236,2770360,947764,478
1771018257.281823,2770360,968960,470
1771018257.401221,2770361,996212,490
1771018257.521109,2770393,918998,442
1771018257.639651,2770393,681300,336
1771018257.764021,2770393,676758,328
1771018257.885614,2770393,716122,341
1771018258.006226,2770393,735804,369
1771018258.125129,2770393,852382,410
1771018258.245691,2770393,840270,404
1771018258.367532,2770393,901000,459
1771018258.490252,2770393,926568,443
1771018258.614052,2770393,956848,466
1771018258.733294,2770407,970474,497
1771018258.856999,2770407,784252,403
1771018258.976185,2770407,781224,378
1771018259.096615,2770407,800906,404
1771018259.216951,2770407,829672,399
1771018259.336832,2770407,881148,442
1771018259.456240,2770407,897802,454
1771018259.577708,2770407,978044,452
1771018259.697548,2770419,994698,465
1771018259.816763,2770425,943222,462
1771018259.941356,2770425,806962,397
1771018260.062297,2770425,816046,382
1771018260.187130,2770425,869036,421
1771018260.308955,2770425,906886,417
1771018260.429618,2770425,964000,463
1771018260.550310,2770442,914456,447
1771018260.673657,2770442,757000,363
1771018260.796681,2770442,823616,393
1771018260.916737,2770442,861466,421
1771018261.035056,2770442,959876,452
1771018261.153442,2770449,928082,444
1771018261.278372,2770449,896288,454
1771018261.401442,2770449,973502,471
1771018261.520903,2770463,991670,495
1771018261.640691,2770469,953820,484
1771018261.760999,2770469,834214,430
1771018261.881782,2770469,859952,427
1771018262.001609,2770469,923540,464
1771018262.121216,2770469,985614,502
1771018262.240660,2770511,993184,509
1771018262.361842,2770544,787280,406
1771018262.485585,2770544,770626,394
1771018262.605886,2770544,803934,403
1771018262.730084,2770544,838756,423
1771018262.853593,2770544,972158,499
1771018262.973727,2770561,849354,426
1771018263.093457,2770561,799392,385
1771018263.213593,2770561,852552,415
1771018263.333204,2770561,902344,435
1771018263.455741,2770583,994698,476
1771018263.575159,2770613,837242,410
1771018263.697478,2770613,822102,398
1771018263.817026,2770613,903858,441
1771018263.938746,2770613,971988,475
1771018264.064475,2770686,996212,485
1771018264.188338,2770711,803934,390
1771018264.313096,2770711,825000,418
1771018264.438352,2770711,882662,430
1771018264.563081,2770711,943222,463
1771018264.684078,2770776,964000,453
1771018264.805462,2770777,813018,391
1771018264.925289,2770777,881148,433
1771018265.048200,2770777,961390,476
1771018265.168071,2770798,994698,495
1771018265.288450,2770808,994698,470
1771018265.408331,2770821,802420,399
1771018265.529560,2770821,856924,425
1771018265.650365,2770821,934138,460
1771018265.773690,2770823,993184,492
1771018265.894453,2770894,996212,453
1771018266.019219,2770897,811504,401
1771018266.140191,2770897,869036,431
1771018266.262971,2770897,931110,462
1771018266.383930,2770897,991670,491
1771018266.506134,2770986,991670,453
1771018266.630421,2770986,806962,402
1771018266.749338,2770986,872064,436
1771018266.868934,2770986,940364,470
1771018266.987890,2770993,993184,495
1771018267.108022,2771066,991670,455
1771018267.227251,2771066,799392,405
1771018267.349791,2771066,862980,430
1771018267.469111,2771066,926568,460
1771018267.589328,2771068,991670,493
1771018267.709316,2771154,994698,449
1771018267.829495,2771158,0,0
1771018267.950068,2771158,3028,1
1771018268.075882,2771158,151400,65
1771018268.200362,2771158,299772,144
1771018268.324979,2771158,363360,176
1771018268.447412,2771158,396668,189
1771018268.570250,2771158,402724,193
1771018268.696283,2771158,414836,198
1771018268.818678,2771158,425434,201
1771018268.940159,2771158,419378,195
1771018269.064649,2771158,410294,194
1771018269.188467,2771158,420892,199
1771018269.310326,2771158,417864,201
1771018269.435935,2771158,425434,197
1771018269.557901,2771158,423920,202
1771018269.683961,2771158,440574,177
1771018269.808024,2771158,428462,177
1771018269.931914,2771158,433004,175
1771018270.055596,2771158,443602,179
1771018270.179699,2771158,442088,173
1771018270.301658,2771158,457228,185
1771018270.423932,2771158,451172,187
1771018270.547587,2771158,457228,184
1771018270.672058,2771158,448000,187
1771018270.796237,2771158,455714,196
1771018270.916585,2771158,472368,195
1771018271.035390,2771158,484480,203
1771018271.154832,2771158,482966,205
1771018271.277858,2771158,475396,209
1771018271.407122,2771158,481452,220
1771018271.530841,2771158,492050,225
1771018271.650222,2771158,492050,216
1771018271.769207,2771158,476910,211
1771018271.888250,2771158,495078,218
1771018272.008018,2771158,495078,225
1771018272.129065,2771158,508704,226
1771018272.249850,2771158,511732,235
1771018272.371081,2771158,513246,240
1771018272.497027,2771158,517788,244
1771018272.623672,2771158,525358,240
1771018272.749661,2771158,525358,238
1771018272.872961,2771158,537470,244
1771018272.992778,2771158,535956,237
1771018273.113373,2771158,545040,235
1771018273.234488,2771158,535956,237
1771018273.356998,2771158,549582,250
1771018273.476605,2771158,548068,255
1771018273.596875,2771158,561694,239
1771018273.717238,2771158,573976,266
1771018273.836240,2771158,573806,273
1771018273.957061,2771158,572292,259
1771018274.080018,2771158,585918,283
1771018274.200188,2771158,596516,260
1771018274.323593,2771158,604086,276
1771018274.445653,2771158,625282,301
1771018274.565888,2771158,634366,305
1771018274.685807,2771158,646478,272
1771018274.808514,2771158,672216,330
1771018274.929323,2771158,702496,337
1771018275.049348,2771158,723692,322
1771018275.167996,2771158,723000,338
1771018275.286738,2771158,769112,350
1771018275.411776,2771158,803934,381
1771018275.531616,2771158,834214,411
1771018275.656509,2771158,872064,404
1771018275.778500,2771158,915970,426
1771018275.907068,2771158,970474,456
1771018276.029894,2771168,997726,459
1771018276.150942,2771178,869036,424
1771018276.277903,2771178,684328,329
1771018276.398438,2771178,737318,337
1771018276.523849,2771178,763056,324
1771018276.642729,2771178,769000,359
1771018276.767371,2771178,799392,347
1771018276.894666,2771178,816046,380
1771018277.017539,2771178,834214,375
1771018277.137379,2771178,849354,420
1771018277.257327,2771178,867522,409
1771018277.377739,2771178,887204,380
1771018277.498601,2771178,894774,439
1771018277.621884,2771178,908400,426
1771018277.744967,2771178,912942,412
1771018277.868386,2771178,925054,443
1771018277.991721,2771178,940194,422
1771018278.116527,2771178,840270,401
1771018278.240627,2771178,837242,406
1771018278.364392,2771178,859952,417
1771018278.482917,2771191,991670,427
1771018278.604840,2771205,905372,442
1771018278.724653,2771205,694926,318
1771018278.845611,2771205,676928,309
1771018278.965944,2771205,720834,364
1771018279.085790,2771205,755486,373
1771018279.209828,2771205,843298,420
1771018279.333503,2771205,856924,405
1771018279.453417,2771205,888718,407
1771018279.575006,2771205,928082,449
1771018279.694415,2771205,934138,427
1771018279.814756,2771205,976530,485
1771018279.934017,2771207,956848,438
1771018280.054188,2771207,979558,493
1771018280.173397,2771210,994698,445
1771018280.293905,2771214,982586,484
1771018280.416133,2771214,917484,456
1771018280.538863,2771214,890232,457
1771018280.661043,2771214,953820,449
1771018280.784665,2771214,988642,505
1771018280.908186,2771218,996212,469
1771018281.031883,2771229,953820,492
1771018281.150839,2771242,784252,377
1771018281.272416,2771242,720664,356
1771018281.396523,2771242,723000,352
1771018281.520318,2771242,763056,373
1771018281.644793,2771242,838756,408
1771018281.768955,2771242,832700,423
1771018281.893130,2771242,866008,436
1771018282.016848,2771242,887204,456
1771018282.140180,2771242,929596,458
1771018282.260806,2771242,955334,474
1771018282.381572,2771242,979558,536
1771018282.502179,2771275,991670,543
1771018282.626737,2771275,869036,470
1771018282.750975,2771275,819074,435
1771018282.874991,2771275,835728,447
1771018282.999070,2771275,908400,487
1771018283.122687,2771275,985614,537
1771018283.246828,2771300,991670,534
1771018283.369809,2771304,894774,478
1771018283.489838,2771304,766084,419
1771018283.611573,2771304,819074,435
1771018283.732360,2771304,867522,466
1771018283.854976,2771304,911428,497
1771018283.977503,2771313,991670,520
1771018284.097041,2771313,888718,490
1771018284.217294,2771313,922026,494
1771018284.337782,2771313,991670,531
1771018284.457802,2771346,994698,530
1771018284.578648,2771350,922026,482
1771018284.697917,2771350,829672,446
1771018284.821881,2771350,920682,483
1771018284.940220,2771350,976530,509
1771018285.061387,2771381,997726,521
1771018285.179864,2771396,897802,465
1771018285.300619,2771396,781224,418
1771018285.420606,2771396,805448,419
1771018285.541726,2771396,851038,450
1771018285.661116,2771396,899316,472
1771018285.781006,2771400,988642,500
1771018285.902287,2771400,897802,480
1771018286.026774,2771416,994698,520
1771018286.150962,2771461,985614,517
1771018286.271029,2771476,996212,522
1771018286.396811,2771521,947764,487
1771018286.518691,2771521,885690,460
1771018286.643422,2771521,988642,511
1771018286.767001,2771568,988642,509
1771018286.891016,2771589,993184,524
1771018287.011444,2771645,917484,468
1771018287.135076,2771645,932624,481
1771018287.257838,2771657,993184,514
1771018287.376830,2771686,988642,511
1771018287.495197,2771743,993184,513
1771018287.615298,2771778,940194,473
1771018287.736077,2771778,968960,496
1771018287.856725,2771822,997726,512
1771018287.975537,2771831,993184,508
1771018288.096966,2771901,997768,527
1771018288.218441,2771901,876606,448
1771018288.343789,2771901,930000,492
1771018288.462418,2771949,990156,511
1771018288.586286,2771959,996212,514
1771018288.708481,2772053,984100,456
1771018288.832716,2772053,979558,490
1771018288.953317,2772053,0,0
1771018289.073538,2772053,0,0
1771018289.193415,2772053,207418,104
1771018289.313728,2772053,327024,172
1771018289.433685,2772053,399696,203
1771018289.555924,2772053,410294,202
1771018289.677661,2772053,426948,224
1771018289.801616,2772053,436032,226
1771018289.924120,2772053,426948,249
1771018290.043287,2772053,417864,237
1771018290.165085,2772053,414836,242
1771018290.285010,2772053,426948,252
1771018290.409561,2772053,439060,251
1771018290.532416,2772053,436032,248
1771018290.653128,2772053,440574,257
1771018290.773660,2772053,434518,260
1771018290.892203,2772053,434518,256
1771018291.012937,2772053,440574,248
1771018291.134611,2772053,443602,247
1771018291.256985,2772053,448144,252
1771018291.378507,2772053,436032,255
1771018291.501246,2772053,449658,263
1771018291.620670,2772053,454200,266
1771018291.743822,2772053,460256,263
1771018291.869318,2772053,454200,253
1771018291.992984,2772053,457228,256
1771018292.116338,2772053,448000,248
1771018292.240356,2772053,475396,258
1771018292.364396,2772053,466312,263
1771018292.488839,2772053,467826,279
1771018292.612418,2772053,481452,264
1771018292.735500,2772053,476910,256
1771018292.858741,2772053,487508,260
1771018292.984780,2772053,482000,254
1771018293.108438,2772053,492050,251
1771018293.232802,2772053,485994,251
1771018293.356590,2772053,498106,253
1771018293.480134,2772053,501134,250
1771018293.599449,2772053,507190,253
1771018293.721348,2772053,501134,253
1771018293.840266,2772053,510388,263
1771018293.960359,2772053,517788,264
1771018294.081913,2772053,525358,269
1771018294.201415,2772053,534442,281
1771018294.323307,2772053,516000,288
1771018294.447618,2772053,535956,295
1771018294.570336,2772053,525358,289
1771018294.694598,2772053,551096,310
1771018294.818777,2772053,555638,320
1771018294.942496,2772053,555638,311
1771018295.065964,2772053,564722,301
1771018295.190062,2772053,569264,289
1771018295.313064,2772053,575320,290
1771018295.433208,2772053,604086,313
1771018295.552262,2772053,611656,349
1771018295.673553,2772053,623768,339
1771018295.793793,2772053,649506,337
1771018295.916446,2772053,649506,360
1771018296.036095,2772053,657076,364
1771018296.160534,2772053,690384,362
1771018296.280845,2772053,746402,432
1771018296.403592,2772053,791822,411
1771018296.522254,2772053,828158,480
1771018296.648765,2772053,867522,461
1771018296.771123,2772059,900830,471
1771018296.890451,2772059,864494,492
1771018297.011078,2772059,887204,462
1771018297.134123,2772059,941708,485
1771018297.257803,2772059,990156,557
1771018297.377925,2772075,996212,561
1771018297.501034,2772076,894774,483
1771018297.619890,2772076,894774,481
1771018297.741896,2772076,918998,546
1771018297.861429,2772076,947764,510
1771018297.980991,2772076,978044,520
1771018298.101429,2772076,994698,553
1771018298.222152,2772093,990156,577
1771018298.345843,2772093,696440,361
1771018298.470064,2772093,696440,401
1771018298.592989,2772093,723692,387
1771018298.713412,2772093,747916,414
1771018298.834750,2772093,758514,396
1771018298.957165,2772093,778196,418
1771018299.077390,2772093,784252,410
1771018299.198412,2772093,720664,388
1771018299.320768,2772093,678272,307
1771018299.441646,2772093,684328,315
1771018299.562270,2772093,849354,375
1771018299.688464,2772093,872064,463
1771018299.810459,2772093,917484,477
1771018299.933448,2772093,918998,467
1771018300.053028,2772093,944906,509
1771018300.173093,2772093,971988,484
1771018300.292791,2772093,956848,501
1771018300.412654,2772100,988642,508
1771018300.533610,2772101,912942,486
1771018300.652216,2772101,813018,404
1771018300.779149,2772101,822102,419
1771018300.904151,2772101,834214,431
1771018301.025129,2772101,888718,463
1771018301.145856,2772101,896288,474
1771018301.267119,2772101,918998,474
1771018301.388888,2772101,949278,490
1771018301.509725,2772101,975016,496
1771018301.632586,2772113,984100,525
1771018301.753178,2772113,819074,431
1771018301.873832,2772113,790308,412
1771018301.997416,2772113,796364,424
1771018302.117958,2772113,846326,440
1771018302.241876,2772113,873578,462
1771018302.370478,2772113,914456,478
1771018302.493449,2772113,988642,544
1771018302.616539,2772113,949278,529
1771018302.736666,2772132,997726,547
1771018302.855913,2772146,847840,472
1771018302.978277,2772146,757000,420
1771018303.100955,2772146,813018,445
1771018303.223922,2772146,822102,457
1771018303.346613,2772146,881148,483
1771018303.469328,2772146,888718,486
1771018303.591885,2772146,946250,520
1771018303.714757,2772159,947764,526
1771018303.837920,2772159,876606,487
1771018303.964740,2772159,970474,543
1771018304.088561,2772159,964418,532
1771018304.212589,2772183,997726,545
1771018304.331104,2772202,806962,440
1771018304.450865,2772202,752458,409
1771018304.573153,2772202,791822,429
1771018304.694919,2772202,825130,450
1771018304.814717,2772202,918998,495
1771018304.937671,2772202,900830,489
1771018305.060844,2772202,994698,540
1771018305.183562,2772234,931110,507
1771018305.308758,2772234,835728,446
1771018305.431435,2772234,881148,470
1771018305.557423,2772234,858438,461
1771018305.679975,2772234,984100,517
1771018305.802611,2772240,964418,513
1771018305.932500,2772240,978214,527
1771018306.056542,2772298,985614,528
1771018306.175868,2772298,859952,463
1771018306.297139,2772298,937166,504
1771018306.415949,2772298,928082,482
1771018306.538029,2772313,997726,534
1771018306.664498,2772371,931110,497
1771018306.786910,2772371,838756,450
1771018306.909763,2772371,925054,496
1771018307.032480,2772371,928082,509
1771018307.157041,2772398,996212,597
1771018307.280795,2772456,897802,533
1771018307.408651,2772456,899316,534
1771018307.532744,2772456,959876,566
1771018307.656749,2772472,997726,595
1771018307.781021,2772509,984100,551
1771018307.904424,2772534,885690,449
1771018308.027014,2772534,965932,501
1771018308.150784,2772550,967446,494
1771018308.272961,2772565,993184,508
1771018308.393217,2772587,991670,509
1771018308.512879,2772587,931110,471
1771018308.633790,2772611,997726,512
1771018308.752933,2772629,917484,466
1771018308.872860,2772629,938680,476
1771018308.993989,2772670,996212,512
1771018309.117023,2772695,912942,467
1771018309.238200,2772724,994698,504
1771018309.361567,2772741,922026,482
1771018309.480980,2772741,696440,351
1771018309.601257,2772741,6056,4
1771018309.721125,2772741,0,0
1771018309.841310,2772741,278576,144
1771018309.960584,2772741,330052,170
1771018310.081958,2772741,383042,202
1771018310.204567,2772741,398182,212
1771018310.326851,2772741,431490,223
1771018310.449698,2772741,436032,225
1771018310.569099,2772741,448144,234
1771018310.689854,2772741,443602,233
1771018310.812845,2772741,434518,230
1771018310.932640,2772741,437546,230
1771018311.053617,2772741,420892,217
1771018311.176686,2772741,446630,236
1771018311.300760,2772741,434518,234
1771018311.425098,2772741,437546,236
1771018311.549681,2772741,457228,243
1771018311.672779,2772741,440574,231
1771018311.792974,2772741,446630,232
1771018311.914148,2772741,448000,232
1771018312.037116,2772741,463284,249
1771018312.156936,2772741,448000,248
1771018312.278998,2772741,466312,253
1771018312.401959,2772741,461770,243
1771018312.520900,2772741,470854,251
1771018312.641026,2772741,461770,246
1771018312.761767,2772741,482966,255
1771018312.882078,2772741,479938,255
1771018313.000990,2772741,479938,254
1771018313.123222,2772741,499620,265
1771018313.245648,2772741,489022,257
1771018313.368360,2772741,489022,257
1771018313.492472,2772741,496592,255
1771018313.616693,2772741,498106,254
1771018313.739202,2772741,505676,262
1771018313.864866,2772741,501134,267
1771018313.988710,2772741,508704,273
1771018314.112960,2772741,516274,281
1771018314.233783,2772741,511732,266
1771018314.359677,2772741,516000,275
1771018314.478061,2772741,526872,264
1771018314.601594,2772741,526872,261
1771018314.721797,2772741,522330,270
1771018314.847134,2772741,537640,274
1771018314.969823,2772741,555638,273
1771018315.093303,2772741,540498,267
1771018315.215579,2772741,546554,261
1771018315.337245,2772741,564722,270
1771018315.463345,2772741,557152,290
1771018315.588292,2772741,564722,298
1771018315.710654,2772741,585918,297
1771018315.833252,2772741,570778,286
1771018315.952640,2772741,585918,284
1771018316.075912,2772741,581376,292
1771018316.195218,2772741,599544,312
1771018316.314202,2772741,620740,319
1771018316.436827,2772741,657076,328
1771018316.556545,2772741,681300,361
1771018316.675867,2772741,702496,355
1771018316.798706,2772741,749430,377
1771018316.918727,2772741,796364,402
1771018317.041572,2772741,825000,446
1771018317.161768,2772741,881148,452
1771018317.281625,2772741,925054,484
1771018317.401970,2772741,979558,513
1771018317.525892,2772757,997726,484
1771018317.650794,2772766,791822,411
1771018317.770594,2772766,708552,373
1771018317.890680,2772766,743374,370
1771018318.013848,2772766,761542,406
1771018318.137489,2772766,785766,392
1771018318.259099,2772766,808476,423
1771018318.379322,2772766,829672,411
1771018318.501462,2772766,847840,440
1771018318.621430,2772766,856924,435
1771018318.741487,2772766,876606,440
1771018318.862335,2772766,890232,455
1771018318.982327,2772766,905372,466
1771018319.102421,2772766,909914,461
1771018319.226081,2772766,926568,480
1771018319.349977,2772766,931110,520
1771018319.469924,2772766,950792,511
1771018319.589860,2772766,955334,504
1771018319.711413,2772766,970474,549
1771018319.834393,2772766,867522,494
1771018319.958451,2772766,853896,404
1771018320.078700,2772766,861466,460
1771018320.198952,2772783,996212,512
1771018320.319101,2772796,881148,450
1771018320.441995,2772796,696440,369
1771018320.567394,2772796,734290,362
1771018320.689682,2772796,785766,395
1771018320.810863,2772796,867522,434
1771018320.932949,2772796,903858,441
1771018321.055401,2772796,934138,456
1771018321.178303,2772796,956848,488
1771018321.304106,2772796,976530,461
1771018321.426577,2772814,991840,526
1771018321.548548,2772818,826644,418
1771018321.673477,2772818,679786,318
1771018321.796715,2772818,691898,357
1771018321.920022,2772818,716122,375
1771018322.044600,2772818,772140,384
1771018322.168291,2772818,838756,435
1771018322.287617,2772818,858438,445
1771018322.407200,2772818,912942,437
1771018322.527280,2772818,937166,488
1771018322.648913,2772818,970474,499
1771018322.770666,2772835,941708,473
1771018322.893018,2772835,778196,391
1771018323.015933,2772835,769112,389
1771018323.137663,2772835,781224,385
1771018323.257763,2772835,840270,419
1771018323.377142,2772835,840270,398
1771018323.498439,2772835,903858,462
1771018323.624900,2772835,968960,487
1771018323.745670,2772840,990156,492
1771018323.865790,2772859,978214,491
1771018323.984599,2772859,826814,419
1771018324.105879,2772859,813018,369
1771018324.226514,2772859,825130,357
1771018324.353088,2772859,847840,378
1771018324.476860,2772859,949278,412
1771018324.598124,2772859,912942,416
1771018324.719961,2772887,997726,446
1771018324.843156,2772891,891746,398
1771018324.965977,2772891,856924,365
1771018325.086220,2772891,911428,405
1771018325.209637,2772891,897802,404
1771018325.331212,2772908,994698,420
1771018325.452764,2772931,958362,416
1771018325.573703,2772931,944736,403
1771018325.693790,2772934,994698,419
1771018325.817553,2772939,920512,397
1771018325.937972,2772939,965932,409
1771018326.057904,2772978,999240,423
1771018326.184522,2772983,984100,423
1771018326.304772,2773021,996212,408
1771018326.424582,2773022,847840,356
1771018326.546054,2773022,940194,391
1771018326.669524,2773037,994698,416
1771018326.789944,2773050,968960,408
1771018326.913894,2773054,964000,368
1771018327.038013,2773054,890232,362
1771018327.157731,2773065,994698,411
1771018327.282158,2773100,985614,408
1771018327.405953,2773115,990156,406
1771018327.529599,2773155,899000,354
1771018327.649406,2773155,841784,346
1771018327.774275,2773155,911428,369
1771018327.898731,2773155,964000,400
1771018328.026657,2773197,994698,408
1771018328.148844,2773204,841784,341
1771018328.270415,2773204,834214,339
1771018328.393231,2773204,914498,374
1771018328.518658,2773204,976530,397
1771018328.645370,2773252,956848,389
1771018328.769769,2773252,828158,343
1771018328.889452,2773252,871000,366
1771018329.009199,2773252,971988,397
1771018329.128997,2773271,996212,408
1771018329.249035,2773288,988642,417
1771018329.369078,2773296,914456,376
1771018329.489469,2773305,993184,477
1771018329.608945,2773345,993354,481
1771018329.728821,2773363,999240,478
1771018329.850205,2773430,993184,452
1771018329.970222,2773436,917484,436
1771018330.089272,2773455,993184,434
1771018330.208963,2773495,991670,439
1771018330.327928,2773527,994698,435
1771018330.450059,2773611,996212,439
1771018330.573306,2773645,926568,442
1771018330.692834,2773677,996212,439
1771018330.811994,2773694,996212,444
1771018330.933653,2773736,990156,440
1771018331.053970,2773814,994698,424
1771018331.173555,2773854,947764,451
1771018331.293026,2773898,993184,441
1771018331.414108,2773948,993184,441
1771018331.533564,2774018,993184,441
1771018331.656127,2774126,990156,447
1771018331.780801,2774159,134746,89
1771018331.901192,2774159,0,0
1771018332.024522,2774159,46934,22
1771018332.146845,2774159,323996,136
1771018332.272074,2774159,443602,196
1771018332.393217,2774159,448144,208
1771018332.516496,2774159,445116,201
1771018332.635825,2774159,414836,187
1771018332.756127,2774159,404238,196
1771018332.878183,2774159,422406,194
1771018332.997918,2774159,413322,196
1771018333.121423,2774159,426990,203
1771018333.241959,2774159,420892,206
1771018333.365570,2774159,429976,203
1771018333.486397,2774159,431490,208
1771018333.605940,2774159,431490,201
1771018333.730962,2774159,436032,210
1771018333.854364,2774159,431490,214
1771018333.973991,2774159,443602,214
1771018334.097794,2774159,452686,210
1771018334.219620,2774159,455714,228
1771018334.338466,2774159,455714,233
1771018334.461780,2774159,472368,253
1771018334.581138,2774159,487508,264
1771018334.700576,2774159,504162,275
1771018334.820922,2774159,513246,267
1771018334.942635,2774159,517788,264
1771018335.064666,2774159,525358,259
1771018335.185196,2774159,551096,258
1771018335.305552,2774159,566236,259
1771018335.427147,2774159,584404,289
1771018335.550730,2774159,602572,307
1771018335.674931,2774159,622254,318
1771018335.795006,2774159,635880,292
1771018335.915505,2774159,669188,314
1771018336.035067,2774159,697954,351
1771018336.157351,2774159,731262,304
1771018336.277017,2774159,767598,370
1771018336.397014,2774159,778196,319
1771018336.517914,2774159,811504,387
1771018336.637642,2774159,849354,383
1771018336.757658,2774159,876606,378
1771018336.877120,2774159,929596,391
1771018336.997721,2774159,975016,404
1771018337.116939,2774165,994698,360
1771018337.235446,2774170,899316,369
1771018337.354743,2774170,769112,326
1771018337.477550,2774170,817560,351
1771018337.597179,2774170,819074,382
1771018337.717179,2774170,829672,383
1771018337.838182,2774170,853896,355
1771018337.957627,2774170,867522,401
1771018338.076968,2774170,878120,405
1771018338.197221,2774170,878120,365
1771018338.317188,2774170,885690,402
1771018338.437213,2774170,906886,382
1771018338.557907,2774170,928082,369
1771018338.681654,2774170,931110,401
1771018338.801212,2774170,959876,370
1771018338.921244,2774170,981072,423
1771018339.041033,2774179,993184,399
1771018339.160611,2774181,791000,355
1771018339.281446,2774181,779710,342
1771018339.400672,2774181,811504,345
1771018339.521625,2774181,840270,394
1771018339.641853,2774181,867522,407
1771018339.764898,2774181,905372,422
1771018339.885346,2774181,932624,437
1771018340.005086,2774181,956848,450
1771018340.125951,2774181,975016,429
1771018340.244826,2774183,993184,461
1771018340.364554,2774193,905372,448
1771018340.483324,2774193,704010,321
1771018340.602242,2774193,725206,361
1771018340.720830,2774193,752458,364
1771018340.841188,2774193,760028,377
1771018340.964038,2774193,782738,372
1771018341.084745,2774193,799392,377
1771018341.205744,2774193,805448,374
1771018341.329557,2774193,820588,357
1771018341.450223,2774193,834214,398
1771018341.574186,2774193,846326,397
1771018341.697704,2774193,849354,418
1771018341.817556,2774193,862980,389
1771018341.937655,2774193,873578,386
1771018342.057177,2774193,816046,401
1771018342.176825,2774193,764570,348
1771018342.297491,2774193,779710,359
1771018342.418016,2774193,917484,413
1771018342.537119,2774193,959876,457
1771018342.657872,2774193,968960,432
1771018342.781964,2774194,990156,478
1771018342.905500,2774197,928082,433
1771018343.025017,2774197,832700,409
1771018343.144621,2774197,859952,446
1771018343.270440,2774197,881148,415
1771018343.392802,2774197,918998,414
1771018343.512635,2774197,949278,490
1771018343.633869,2774197,965932,459
1771018343.755580,2774203,964000,480
1771018343.879978,2774205,957018,452
1771018344.004177,2774205,881148,470
1771018344.128197,2774205,894774,446
1771018344.252113,2774205,922026,440
1771018344.376471,2774205,959876,505
1771018344.499967,2774205,973672,478
1771018344.627026,2774206,996212,507
1771018344.747266,2774216,984100,482
1771018344.869562,2774216,826644,437
1771018344.990303,2774216,841784,421
1771018345.110433,2774216,881148,425
1771018345.234067,2774216,909914,454
1771018345.358010,2774216,968960,484
1771018345.483200,2774218,988642,466
1771018345.602848,2774238,985614,501
1771018345.722697,2774238,917484,472
1771018345.841520,2774238,888718,441
1771018345.961372,2774238,929596,452
1771018346.081716,2774238,967446,491
1771018346.201664,2774250,991670,493
1771018346.321178,2774263,959876,499
1771018346.444356,2774263,958362,491
1771018346.566446,2774293,931110,464
1771018346.692696,2774293,864494,428
1771018346.816660,2774293,900830,453
1771018346.940575,2774293,941708,471
1771018347.065239,2774305,997726,520
1771018347.188622,2774331,940194,515
1771018347.312754,2774331,858438,474
1771018347.436221,2774331,929596,519
1771018347.560221,2774331,943222,523
1771018347.684482,2774353,999240,566
1771018347.808176,2774378,926568,515
1771018347.932189,2774378,894774,504
1771018348.056692,2774378,950792,532
1771018348.180077,2774381,994698,553
1771018348.304297,2774423,991670,575
1771018348.429198,2774440,993184,570
1771018348.552495,2774446,926568,536
1771018348.676388,2774446,964000,564
1771018348.800501,2774460,991670,577
1771018348.924606,2774494,988642,584
1771018349.048995,2774530,997726,586
1771018349.172576,2774551,922026,549
1771018349.296239,2774571,991670,543
1771018349.417062,2774584,911428,524
1771018349.537823,2774599,994698,583
1771018349.661725,2774656,993184,581
1771018349.781754,2774669,991670,586
1771018349.901785,2774738,976000,525
1771018350.020327,2774755,993184,584
1771018350.139627,2774820,993184,594
1771018350.258116,2774894,994698,592
1771018350.376550,2775002,994698,582
1771018350.494899,2775067,993184,593
1771018350.617281,2775174,999240,525
1771018350.736609,2775213,994698,592
1771018350.857768,2775315,997726,602
1771018350.978984,2775456,996212,605
1771018351.102470,2775544,997726,601
1771018351.225253,2775661,994698,536
1771018351.345380,2775711,994698,575
1771018351.465522,2775808,996212,602
1771018351.584868,2775936,996212,605
1771018351.704165,2776064,996212,583
1771018351.822497,2776161,997726,594
1771018351.941289,2776287,994698,536
1771018352.061120,2776348,996212,600
1771018352.181917,2776483,993184,594
1771018352.302132,2776644,994698,605
1771018352.420609,2776655,0,0
1771018352.539340,2776655,3028,2
1771018352.661857,2776655,89326,48
1771018352.781195,2776655,384556,198
1771018352.902946,2776655,445116,227
1771018353.025995,2776655,439060,240
1771018353.146030,2776655,442088,230
1771018353.265427,2776655,434518,248
1771018353.385558,2776655,428462,250
1771018353.506004,2776655,451172,243
1771018353.629729,2776655,429976,238
1771018353.749914,2776655,439060,244
1771018353.873798,2776655,442088,240
1771018353.994588,2776655,451172,251
1771018354.118271,2776655,452686,250
1771018354.238523,2776655,448144,247
1771018354.358236,2776655,470854,253
1771018354.478398,2776655,472368,253
1771018354.603285,2776655,463284,245
1771018354.725544,2776655,482966,249
1771018354.846152,2776655,482000,250
1771018354.966333,2776655,501134,246
1771018355.090443,2776655,514760,253
1771018355.214112,2776655,516000,260
1771018355.338329,2776655,543526,266
1771018355.462033,2776655,560180,270
1771018355.586132,2776655,575320,268
1771018355.710140,2776655,599544,266
1771018355.834313,2776655,608628,270
1771018355.959840,2776655,631338,287
1771018356.079601,2776655,661618,302
