1771342596.137785,23147,0,0
1771342596.258726,23147,0,0
1771342596.378056,23147,0,0
1771342596.497156,23147,0,0
1771342596.619067,23147,0,0
1771342596.738050,23147,0,0
1771342596.858945,23147,0,0
1771342596.978144,23147,0,0
1771342597.097367,23147,0,0
1771342597.218896,23147,0,0
1771342597.338162,23147,0,0
1771342597.458403,23147,68130,11
1771342597.581252,23147,549648,172
1771342597.704164,23147,729748,228
1771342597.830123,23147,828328,343
1771342597.954407,23147,894774,430
1771342598.082637,23147,885690,420
1771342598.205912,23147,1044660,418
1771342598.330904,23147,1118846,503
1771342598.454588,23147,1217256,554
1771342598.578464,23147,1309610,582
1771342598.702586,23147,1389852,629
1771342598.828094,23147,1442842,675
1771342598.952670,23147,1509458,711
1771342599.077653,23147,1438300,674
1771342599.206465,23147,1489776,622
1771342599.330427,23147,1514000,543
1771342599.453377,23147,1626036,617
1771342599.577588,23147,1689624,681
1771342599.697205,23147,1742784,610
1771342599.820566,23147,1795774,633
1771342599.943545,23147,1874332,615
1771342600.069022,23147,1936406,682
1771342600.191297,23149,1981996,701
1771342600.311764,23159,1998480,669
1771342600.435572,23164,1760782,664
1771342600.558337,23164,1467066,487
1771342600.680224,23164,1429216,458
1771342600.807657,23164,1461010,576
1771342600.933878,23164,1486748,533
1771342601.054665,23164,1521570,515
1771342601.175474,23164,1544280,520
1771342601.297816,23164,1560934,559
1771342601.419755,23164,1579102,546
1771342601.540191,23164,1606354,554
1771342601.663821,23164,1627550,577
1771342601.783930,23164,1654802,559
1771342601.907931,23164,1674484,577
1771342602.028831,23164,1688110,596
1771342602.152108,23164,1689624,578
1771342602.272328,23164,1700222,599
1771342602.395963,23164,1721418,566
1771342602.519335,23164,1732058,611
1771342602.643975,23164,1721000,589
1771342602.763828,23164,1775922,628
1771342602.884086,23164,1766838,584
1771342603.008059,23164,1786520,623
1771342603.132010,23164,1800316,606
1771342603.256987,23164,1816970,640
1771342603.377153,23164,1825884,605
1771342603.500837,23164,1837996,646
1771342603.623699,23164,1853254,611
1771342603.747178,23164,1854650,648
1771342603.870592,23164,1862220,609
1771342603.990921,23164,1872818,607
1771342604.110432,23164,1884930,506
1771342604.231937,23164,1886444,505
1771342604.355912,23164,1900070,507
1771342604.479555,23164,1903098,510
1771342604.603417,23164,1910668,509
1771342604.727279,23164,1919752,518
1771342604.847206,23164,1924294,507
1771342604.968349,23164,1922780,510
1771342605.092614,23164,1937920,426
1771342605.215863,23164,1937920,376
1771342605.336184,23164,1940948,375
1771342605.458981,23164,1942462,388
1771342605.580358,23164,1956088,380
1771342605.703336,23164,1954574,370
1771342605.827401,23164,1936406,385
1771342605.951565,23164,1948518,372
1771342606.071024,23164,1950032,386
1771342606.192032,23164,1947004,392
1771342606.311626,23164,1966686,374
1771342606.431143,23164,1962144,384
1771342606.552344,23164,1953060,393
1771342606.672261,23164,1959116,377
1771342606.791557,23164,1962144,390
1771342606.914898,23164,1965172,396
1771342607.035486,23164,1966686,389
1771342607.160729,23164,1959116,391
1771342607.283747,23164,1960630,383
1771342607.404276,23164,1942462,382
1771342607.525711,23164,1886444,346
1771342607.646610,23164,1854650,316
1771342607.767416,23164,1878874,351
1771342607.887988,23164,1971228,373
1771342608.007951,23164,1981826,392
1771342608.128315,23172,1984854,404
1771342608.252062,23173,1922780,394
1771342608.373398,23173,1598784,363
1771342608.493596,23173,1432244,275
1771342608.617484,23173,1426188,337
1771342608.737732,23173,1476306,317
1771342608.860351,23173,1535196,332
1771342608.984188,23173,1604840,332
1771342609.108337,23173,1683738,374
1771342609.234304,23173,1747404,458
1771342609.358683,23173,1836482,501
1771342609.478394,23173,1854650,526
1771342609.598364,23173,1857678,516
1771342609.719660,23173,1922780,535
1771342609.844167,23173,1974256,571
1771342609.968187,23175,1989396,547
1771342610.092098,23183,1990910,577
1771342610.216223,23184,1812258,548
1771342610.337147,23184,1542766,410
1771342610.462338,23184,1486748,406
1771342610.584700,23184,1518542,462
1771342610.708502,23184,1601812,497
1771342610.832523,23184,1698708,508
1771342610.955949,23184,1777436,569
1771342611.080590,23184,1724446,544
1771342611.204747,23184,1792576,586
1771342611.328663,23184,1850108,610
1771342611.448909,23184,1886444,624
1771342611.568687,23184,1912182,616
1771342611.690873,23184,1937920,642
1771342611.813916,23184,1971228,646
1771342611.937756,23210,1995452,667
1771342612.061762,23225,1904612,641
1771342612.188341,23225,1563962,527
1771342612.309798,23225,1492804,474
1771342612.431842,23225,1498860,508
1771342612.557350,23225,1533682,517
1771342612.679929,23225,1580616,523
1771342612.803868,23225,1645718,558
1771342612.928450,23225,1710820,585
1771342613.053262,23225,1818314,626
1771342613.177644,23225,1769866,650
1771342613.298483,23225,1819828,827
1771342613.419575,23225,1910668,782
1771342613.544520,23225,1977284,857
1771342613.670537,23240,1990910,944
1771342613.792864,23255,1953060,896
1771342613.915960,23255,1781978,774
1771342614.039133,23255,1688110,691
1771342614.160309,23255,1632092,762
1771342614.284269,23255,1562448,716
1771342614.408953,23255,1647232,758
1771342614.530350,23255,1712334,808
1771342614.650903,23255,1757754,808
1771342614.771425,23255,1804688,860
1771342614.893374,23255,1842538,844
1771342615.013663,23255,1927322,901
1771342615.134301,23286,1992594,928
1771342615.255518,23286,1876134,862
1771342615.376103,23286,1629064,773
1771342615.496943,23286,1582130,694
1771342615.620476,23286,1609382,733
1771342615.744975,23286,1633606,764
1771342615.868183,23286,1650260,746
1771342615.990244,23286,1694166,777
1771342616.112978,23286,1763810,803
1771342616.238123,23286,1927322,877
1771342616.361377,23286,1812258,813
1771342616.483933,23286,1874332,854
1771342616.607868,23286,1998480,903
1771342616.728884,23325,1996966,926
1771342616.849884,23351,1968200,890
1771342616.971068,23351,1845566,840
1771342617.092520,23351,1871304,844
1771342617.217828,23351,1919752,855
1771342617.343686,23359,1980312,899
1771342617.464424,23359,1869790,813
1771342617.584813,23359,1848594,809
1771342617.706996,23359,1936406,835
1771342617.828590,23369,1992424,862
1771342617.949535,23400,1992424,876
1771342618.074619,23411,1953060,850
1771342618.197301,23411,1922780,843
1771342618.318920,23423,1990910,874
1771342618.440267,23458,1953060,831
1771342618.564233,23458,1750184,707
1771342618.688061,23458,1700222,668
1771342618.811531,23458,576834,248
1771342618.936467,23458,0,0
1771342619.059643,23458,16654,4
1771342619.185430,23458,389098,160
1771342619.308074,23458,482966,200
1771342619.427699,23458,476910,192
1771342619.551263,23458,476910,190
1771342619.671436,23458,482000,200
1771342619.793765,23458,498106,199
1771342619.915086,23458,495078,202
1771342620.035292,23458,502648,206
1771342620.156240,23458,487508,197
1771342620.277241,23458,514760,210
1771342620.399262,23458,498106,221
1771342620.518972,23458,510218,236
1771342620.638634,23458,516274,238
1771342620.759049,23458,505676,238
1771342620.879241,23458,502648,240
1771342621.000247,23458,511732,245
1771342621.124975,23458,505676,239
1771342621.247464,23458,513246,239
1771342621.368858,23458,516000,250
1771342621.491794,23458,519302,247
1771342621.615557,23458,513246,244
1771342621.741579,23458,523844,252
1771342621.864915,23458,520816,246
1771342621.987710,23458,513246,248
1771342622.111495,23458,516000,254
1771342622.241229,23458,538984,258
1771342622.364351,23458,513246,255
1771342622.487708,23458,517788,279
1771342622.610238,23458,532928,286
1771342622.735092,23458,508704,274
1771342622.858847,23458,517788,279
1771342622.983202,23458,531414,287
1771342623.106918,23458,525358,282
1771342623.230974,23458,523844,283
1771342623.352303,23458,531414,288
1771342623.474864,23458,529900,285
1771342623.594347,23458,523844,285
1771342623.714662,23458,531414,290
1771342623.834988,23458,545040,296
1771342623.955364,23458,538984,294
1771342624.075682,23458,542012,296
1771342624.195559,23458,542012,294
1771342624.316263,23458,535956,292
1771342624.436249,23458,549582,299
1771342624.556154,23458,552610,303
1771342624.676083,23458,537470,296
1771342624.799326,23458,548238,303
1771342624.919165,23458,560180,307
1771342625.040975,23458,552610,304
1771342625.165317,23458,545040,302
1771342625.285895,23458,558666,308
1771342625.406520,23458,554124,308
1771342625.527845,23458,558666,312
1771342625.649166,23458,561694,310
1771342625.769494,23458,551096,305
1771342625.890245,23458,558666,312
1771342626.012005,23458,572292,318
1771342626.137294,23458,570778,318
1771342626.264293,23458,564722,318
1771342626.385679,23458,585918,325
1771342626.508481,23458,573806,331
1771342626.631827,23458,550000,326
1771342626.752668,23458,576834,336
1771342626.872994,23458,566236,327
1771342626.993317,23458,561694,328
1771342627.116208,23458,579862,337
1771342627.240312,23458,561694,325
1771342627.365556,23458,576834,335
1771342627.487976,23458,593488,344
1771342627.608097,23458,602572,350
1771342627.732289,23458,613170,359
1771342627.855667,23458,643450,377
1771342627.980117,23458,646478,379
1771342628.103725,23458,658760,386
1771342628.227935,23458,681300,399
1771342628.351984,23458,679786,403
1771342628.476344,23458,684328,407
1771342628.600174,23458,696440,416
1771342628.723953,23458,720834,429
1771342628.848118,23458,738832,355
1771342628.973187,23458,752458,349
1771342629.095939,23458,679786,310
1771342629.217160,23458,466312,179
1771342629.338271,23458,496592,175
1771342629.460855,23458,873578,349
1771342629.584208,23458,993184,458
1771342629.709923,23458,1041632,543
1771342629.831845,23458,1123388,575
1771342629.957581,23458,1208172,709
1771342630.080610,23458,1224826,717
1771342630.205521,23458,1297498,762
1771342630.326997,23458,1376226,808
1771342630.448992,23458,1471608,862
1771342630.573192,23458,1482206,866
1771342630.696906,23458,1556392,911
1771342630.820857,23458,1629064,954
1771342630.944477,23458,1665400,977
1771342631.068941,23458,1672970,927
1771342631.191862,23458,1742614,854
1771342631.312589,23458,1775922,876
1771342631.437480,23458,1809230,889
1771342631.559693,23458,1834968,882
1771342631.683950,23458,1877360,811
1771342631.807623,23458,1919752,753
1771342631.932876,23458,1960630,763
1771342632.055780,23458,1989396,740
1771342632.175806,23470,1991080,766
1771342632.299793,23473,1925808,759
1771342632.420232,23473,1633606,629
1771342632.543815,23473,1514000,573
1771342632.663370,23473,1594242,781
1771342632.782799,23473,1613924,754
1771342632.905540,23473,1582000,802
1771342633.028761,23473,1611066,771
1771342633.152118,23473,1666914,772
1771342633.274756,23473,1675998,759
1771342633.397637,23473,1700222,795
1771342633.518613,23473,1704764,827
1771342633.639318,23473,1735044,728
1771342633.759746,23473,1753212,726
1771342633.883782,23473,1763810,729
1771342634.003779,23473,1757754,735
1771342634.123595,23473,1778950,733
1771342634.249689,23473,1801660,679
1771342634.371702,23473,1806202,680
1771342634.498686,23473,1810744,695
1771342634.619211,23473,1810744,680
1771342634.743049,23473,1824370,685
1771342634.864555,23473,1821342,670
1771342634.989496,23473,1828912,705
1771342635.111675,23473,1848594,677
1771342635.232869,23473,1857678,708
1771342635.352564,23473,1841024,671
1771342635.472854,23473,1851622,718
1771342635.596771,23473,1865248,689
1771342635.719494,23473,1865248,710
1771342635.845172,23473,1847080,684
1771342635.965112,23473,1850108,683
1771342636.087880,23473,1871304,690
1771342636.211011,23473,1835000,687
1771342636.330799,23473,1869790,721
1771342636.450822,23473,1872818,684
1771342636.570980,23473,1874502,615
1771342636.691373,23473,1871474,550
1771342636.811388,23473,1856164,547
1771342636.931437,23473,1869790,568
1771342637.051883,23473,1872818,571
1771342637.175666,23473,1878874,582
1771342637.299221,23473,1847080,561
1771342637.418809,23473,1862220,565
1771342637.539651,23473,1823000,571
1771342637.659658,23473,1853136,563
1771342637.783493,23473,1839510,554
1771342637.907579,23473,1839510,555
1771342638.032118,23473,1859192,563
1771342638.155355,23473,1857678,562
1771342638.275725,23473,1848594,558
1771342638.395572,23473,1842538,556
1771342638.518833,23473,1847080,550
1771342638.638895,23473,1844052,556
1771342638.760405,23473,1845566,560
1771342638.881983,23473,1789000,547
1771342639.002348,23473,1837996,548
1771342639.123171,23473,1839680,554
1771342639.244208,23473,1830596,552
1771342639.367829,23473,1821342,542
1771342639.491959,23473,1465552,363
1771342639.612836,23473,1288414,297
1771342639.732765,23473,1285386,247
1771342639.852487,23473,1501888,355
1771342639.976656,23473,1760782,463
1771342640.100432,23473,1874502,550
1771342640.224966,23473,1881902,576
1771342640.349175,23473,1865248,564
1771342640.471692,23473,1937920,602
1771342640.596021,23473,1910668,592
1771342640.720664,23473,1951546,610
1771342640.843855,23473,1981826,621
1771342640.969093,23475,1992424,627
1771342641.089878,23483,1989396,633
1771342641.209601,23486,1854650,622
1771342641.334363,23486,1547308,525
1771342641.454798,23486,1446000,493
1771342641.574734,23486,1454954,580
1771342641.695367,23486,1483720,547
1771342641.816501,23486,1535196,516
1771342641.941725,23486,1560934,525
1771342642.062570,23486,1624522,588
1771342642.183169,23486,1691138,637
1771342642.303257,23486,1700222,606
1771342642.424428,23486,1781978,675
1771342642.548423,23486,1812258,693
1771342642.671574,23486,1871304,765
1771342642.796331,23486,1948518,796
1771342642.920527,23488,1989396,814
1771342643.039808,23515,1983340,814
1771342643.160024,23525,1872988,790
1771342643.280347,23525,1627720,635
1771342643.399853,23525,1548822,578
1771342643.519195,23525,1524598,738
1771342643.639406,23525,1541252,775
1771342643.760642,23525,1583644,769
1771342643.883802,23525,1616952,818
1771342644.004029,23525,1657830,833
1771342644.125026,23525,1724446,854
1771342644.245890,23525,1750184,885
1771342644.368356,23525,1794090,867
1771342644.488113,23525,1828912,930
1771342644.612753,23525,1904612,939
1771342644.736129,23526,1995452,998
1771342644.860092,23558,1987882,1004
1771342644.983867,23567,1916724,953
1771342645.107469,23567,1745642,862
1771342645.232334,23567,1666914,781
1771342645.358471,23567,1612410,802
1771342645.479237,23567,1618466,813
1771342645.598669,23567,1686596,827
1771342645.719641,23567,1765494,890
1771342645.839754,23567,1827398,892
1771342645.964836,23567,1892500,943
1771342646.087391,23567,1978798,974
1771342646.206787,23596,1990910,980
1771342646.328222,23602,1937920,964
1771342646.447584,23602,1703250,843
1771342646.567952,23602,1657830,840
1771342646.694581,23602,1691138,831
1771342646.817062,23602,1713848,863
1771342646.940061,23602,1750184,869
1771342647.064712,23602,1810744,900
1771342647.188391,23602,1883416,943
1771342647.308992,23602,1913696,943
1771342647.432167,23602,1925808,951
1771342647.555385,23618,1998522,1016
1771342647.676887,23679,1995452,999
1771342647.799783,23694,1918238,971
1771342647.927161,23694,1907640,963
1771342648.047120,23694,1977284,976
1771342648.167801,23726,1990910,1010
1771342648.291903,23749,1953060,961
1771342648.415310,23749,1736558,873
1771342648.535605,23749,1751698,886
1771342648.660670,23749,1848594,920
1771342648.784149,23749,1972742,986
1771342648.907099,23775,1987882,987
1771342649.030272,23826,1995452,997
1771342649.155092,23848,1898726,964
1771342649.278967,23848,1847080,904
1771342649.402771,23848,1825884,914
1771342649.527048,23848,1821342,907
1771342649.650986,23848,1912182,946
1771342649.774790,23854,1991080,980
1771342649.897173,23857,1044660,544
1771342650.022144,23857,1514,1
1771342650.145706,23857,0,0
1771342650.266103,23857,372444,186
1771342650.390015,23857,475396,236
1771342650.510852,23857,501134,248
1771342650.631791,23857,495078,245
1771342650.751925,23857,498106,247
1771342650.872358,23857,489022,245
1771342650.995666,23857,485994,238
1771342651.117864,23857,485994,240
1771342651.241010,23857,489022,239
1771342651.361810,23857,487508,237
1771342651.483481,23857,498106,240
1771342651.603189,23857,495078,237
1771342651.722546,23857,482000,239
1771342651.846407,23857,485994,239
1771342651.967410,23857,485994,247
1771342652.087607,23857,499620,258
1771342652.212549,23857,487508,257
1771342652.332257,23857,496592,261
1771342652.456131,23857,498106,262
1771342652.580002,23857,507190,266
1771342652.704912,23857,498106,262
1771342652.828156,23857,513246,266
1771342652.948029,23857,508704,268
1771342653.071931,23857,507190,262
1771342653.196875,23857,511732,261
1771342653.320082,23857,519302,266
1771342653.444279,23857,514760,264
1771342653.568238,23857,499620,254
1771342653.691212,23857,510218,263
1771342653.811688,23857,505676,273
1771342653.937116,23857,513246,301
1771342654.058964,23857,520986,304
1771342654.180317,23857,517788,303
1771342654.300737,23857,517788,303
1771342654.421410,23857,534442,313
1771342654.544155,23857,516274,303
1771342654.664481,23857,523844,308
1771342654.784015,23857,529900,308
1771342654.903750,23857,526872,309
1771342655.024383,23857,520816,305
1771342655.149849,23857,525358,307
1771342655.270169,23857,534442,316
1771342655.391907,23857,531414,312
1771342655.511976,23857,531414,313
1771342655.635258,23857,543526,321
1771342655.756565,23857,534442,314
1771342655.876158,23857,540498,320
1771342655.999812,23857,538984,319
1771342656.119631,23857,537470,318
1771342656.243114,23857,538984,320
1771342656.364319,23857,543526,321
1771342656.487127,23857,542012,321
1771342656.607098,23857,545040,324
1771342656.726958,23857,548068,324
1771342656.849975,23857,548068,325
1771342656.973889,23857,546554,326
1771342657.095633,23857,557152,328
1771342657.221437,23857,543526,324
1771342657.345305,23857,538984,321
1771342657.468984,23857,551096,327
1771342657.594029,23857,552610,329
1771342657.715958,23857,542012,323
1771342657.837575,23857,549582,328
1771342657.959987,23857,561694,336
1771342658.084490,23857,554124,330
1771342658.204182,23857,557152,333
1771342658.323931,23857,575320,345
1771342658.444831,23857,578348,344
1771342658.566126,23857,578348,347
1771342658.686854,23857,607114,365
1771342658.806129,23857,607114,362
1771342658.926962,23857,616198,371
1771342659.047614,23857,644964,390
1771342659.172357,23857,646478,391
1771342659.295972,23857,672216,408
1771342659.417168,23857,682814,417
1771342659.539429,23857,687356,418
1771342659.664113,23857,707038,382
1771342659.788637,23857,728234,398
1771342659.912669,23857,735804,413
1771342660.033227,23857,757000,424
1771342660.157077,23857,779710,434
1771342660.281266,23857,470854,251
1771342660.404101,23857,496592,176
1771342660.528407,23857,585918,219
1771342660.652335,23857,981072,439
1771342660.776564,23857,1038604,559
1771342660.900426,23857,1071912,586
1771342661.024300,23857,1121874,604
1771342661.148902,23857,1217256,677
1771342661.272273,23857,1292956,714
1771342661.396153,23857,1307000,749
1771342661.520326,23857,1401964,776
1771342661.644921,23857,1482206,816
1771342661.764337,23857,1565476,833
1771342661.887117,23857,1591214,866
1771342662.011389,23857,1647232,909
1771342662.136231,23857,1689624,902
1771342662.260477,23857,1745642,954
1771342662.384592,23857,1721000,955
1771342662.507767,23857,1821342,983
1771342662.631850,23857,1857678,1016
1771342662.755621,23857,1901584,1032
1771342662.875891,23857,1930350,1034
1771342662.996561,23857,1975770,1085
1771342663.119287,23863,1996966,916
1771342663.242726,23884,1992424,857
1771342663.363517,23884,1781978,754
1771342663.487465,23884,1592728,674
1771342663.610990,23884,1595756,766
1771342663.732187,23884,1651774,859
1771342663.856662,23884,1638148,814
1771342663.980774,23884,1662372,838
1771342664.105409,23884,1686596,808
1771342664.228338,23884,1720074,789
1771342664.349491,23884,1716876,849
1771342664.471948,23884,1745642,820
1771342664.597905,23884,1760952,867
1771342664.718903,23884,1791062,810
1771342664.841096,23884,1788034,879
1771342664.964980,23884,1807716,836
1771342665.087199,23884,1812258,887
1771342665.207509,23884,1851622,836
1771342665.331731,23884,1844052,901
1771342665.460525,23884,1854650,867
1771342665.581034,23884,1856164,905
1771342665.703590,23884,1869790,845
1771342665.827867,23884,1860706,890
1771342665.953980,23884,1871304,857
1771342666.078109,23884,1881902,876
1771342666.199747,23884,1894014,903
1771342666.319614,23884,1886444,843
1771342666.444862,23884,1894014,916
1771342666.568092,23884,1900070,813
1771342666.690159,23884,1906126,806
1771342666.814229,23884,1887958,751
1771342666.937787,23884,1897042,751
1771342667.060489,23884,1898556,758
1771342667.185814,23884,1907640,738
1771342667.310106,23884,1890986,760
1771342667.434001,23884,1909154,729
1771342667.557482,23884,1892500,758
1771342667.682326,23884,1904612,746
1771342667.805864,23884,1886444,740
1771342667.930216,23884,1909154,745
1771342668.053640,23884,1907640,738
1771342668.175741,23884,1910668,761
1771342668.305267,23884,1877360,706
1771342668.429310,23884,1895528,759
1771342668.552973,23884,1894014,737
1771342668.677852,23884,1897042,613
1771342668.800946,23884,1889472,595
1771342668.921636,23884,1881902,594
1771342669.044575,23884,1869790,581
1771342669.164624,23884,1889472,593
1771342669.288778,23884,1884930,591
1771342669.409055,23884,1880388,591
1771342669.531623,23884,1881902,586
1771342669.655836,23884,1889472,592
1771342669.780328,23884,1823000,582
1771342669.903102,23884,1869790,582
1771342670.023495,23884,1862220,580
1771342670.148274,23884,1869960,587
1771342670.272480,23884,1864074,583
1771342670.397213,23884,1850108,577
1771342670.519015,23884,1789000,567
1771342670.639325,23884,1411048,341
1771342670.763731,23884,1273000,288
1771342670.887508,23884,1303672,237
1771342671.011721,23884,1623008,396
1771342671.136722,23884,1830426,497
1771342671.261221,23884,1889472,577
1771342671.384459,23884,1904612,599
1771342671.508444,23884,1895528,596
1771342671.628974,23884,1953060,625
1771342671.751557,23884,1963658,631
1771342671.875972,23884,1913696,605
1771342671.999761,23884,1951546,625
1771342672.120130,23887,1989396,647
1771342672.240148,23894,1981826,649
1771342672.359732,23895,1881902,650
1771342672.484720,23895,1606354,554
1771342672.605670,23895,1477664,525
1771342672.726259,23895,1507944,587
1771342672.847170,23895,1565476,604
1771342672.968485,23895,1591214,598
1771342673.093029,23895,1624522,617
1771342673.215976,23895,1697364,660
1771342673.335740,23895,1765324,674
1771342673.460170,23895,1755000,697
1771342673.581685,23895,1856164,719
1771342673.706747,23895,1910668,754
1771342673.828476,23895,1987882,802
1771342673.952081,23909,1954744,836
1771342674.075646,23909,1836652,786
1771342674.197104,23909,1645718,673
1771342674.322137,23909,1580616,672
1771342674.445556,23909,1541252,789
1771342674.566198,23909,1557906,827
1771342674.688509,23909,1595756,846
1771342674.811939,23909,1642690,843
1771342674.935975,23909,1707792,920
1771342675.060719,23909,1682054,862
1771342675.184482,23909,1791062,945
1771342675.305278,23909,1850108,981
1771342675.427099,23909,1892500,1012
1771342675.548455,23909,1945490,1006
1771342675.673079,23917,1995452,1049
1771342675.797564,23953,1990910,1036
1771342675.921502,23962,1850108,967
1771342676.044544,23962,1615438,827
1771342676.164933,23962,1594242,803
1771342676.288352,23962,1609616,841
1771342676.408564,23962,1630578,872
1771342676.532435,23962,1669942,867
1771342676.658012,23962,1732016,914
1771342676.781810,23962,1786520,947
1771342676.903994,23962,1881902,982
1771342677.027110,23962,1841024,974
1771342677.147846,23962,1943976,1027
1771342677.271802,23984,1995452,1063
1771342677.394952,24020,1990910,1066
1771342677.518813,24020,1868276,990
1771342677.638532,24020,1804688,978
1771342677.760437,24020,1812258,1005
1771342677.879952,24020,1856164,1032
1771342678.008976,24020,1801660,1014
1771342678.128934,24020,1889642,1058
1771342678.251755,24020,1991080,1118
1771342678.375684,24068,1995452,1106
1771342678.498391,24092,1965172,1111
1771342678.619255,24092,1856334,1067
1771342678.739144,24092,1903098,1070
1771342678.859249,24092,1986368,1116
1771342678.980820,24102,1943976,1088
1771342679.104597,24102,1922780,1083
1771342679.224133,24102,1836482,1031
1771342679.344978,24102,1913696,1066
1771342679.467519,24102,1980312,1175
1771342679.591512,24167,1995452,1186
1771342679.718025,24207,1978798,1192
1771342679.841632,24207,1823000,1134
1771342679.963339,24207,1894014,1127
1771342680.083928,24207,1857678,1124
1771342680.204102,24207,1948518,1158
1771342680.324709,24238,1989396,1192
1771342680.449889,24287,1993938,1200
1771342680.571614,24293,1960630,1185
1771342680.696210,24294,1998480,1217
1771342680.816112,24362,1998480,1221
1771342680.939818,24420,1863734,1123
1771342681.064538,24420,684328,380
1771342681.186775,24420,1514,1
1771342681.307395,24420,0,0
1771342681.431140,24420,369416,214
1771342681.551032,24420,463284,273
1771342681.674799,24420,481452,285
1771342681.797322,24420,490536,286
1771342681.919726,24420,489022,285
1771342682.040261,24420,490536,284
1771342682.164570,24420,473882,274
1771342682.285331,24420,478424,274
1771342682.408000,24420,473882,265
1771342682.533299,24420,485994,264
1771342682.653648,24420,485994,261
1771342682.774676,24420,470854,254
1771342682.895085,24420,476910,254
1771342683.018637,24420,482966,261
1771342683.140982,24420,473882,259
1771342683.269136,24420,487508,255
1771342683.392945,24420,476910,244
1771342683.516128,24420,473882,244
1771342683.640507,24420,490536,257
1771342683.764400,24420,489022,257
1771342683.888665,24420,504162,266
1771342684.008421,24420,487508,259
1771342684.133309,24420,482000,258
1771342684.256564,24420,482000,255
1771342684.379945,24420,487508,245
1771342684.507569,24420,498106,250
1771342684.627785,24420,501134,254
1771342684.751199,24420,504162,260
1771342684.871450,24420,496592,254
1771342684.995868,24420,496592,257
1771342685.121873,24420,513246,266
1771342685.242131,24420,498106,260
1771342685.362649,24420,507190,262
1771342685.483555,24420,498106,256
1771342685.606999,24420,496592,261
1771342685.728166,24420,501134,263
1771342685.854763,24420,504162,265
1771342685.974390,24420,505676,266
1771342686.095175,24420,507190,268
1771342686.220686,24420,501134,261
1771342686.346269,24420,511732,268
1771342686.467997,24420,504162,265
1771342686.592151,24420,510218,265
1771342686.713441,24420,507190,266
1771342686.832671,24420,502648,265
1771342686.955971,24420,517788,272
1771342687.075920,24420,513246,272
1771342687.200756,24420,505676,265
1771342687.320299,24420,519302,273
1771342687.446120,24420,514760,270
1771342687.571958,24420,507190,263
1771342687.693994,24420,520816,274
1771342687.816507,24420,522330,270
1771342687.941132,24420,520816,268
1771342688.065410,24420,525358,269
1771342688.188830,24420,529900,311
1771342688.313685,24420,525358,310
1771342688.435068,24420,531414,313
1771342688.557226,24420,542012,320
1771342688.680536,24420,534442,316
1771342688.802505,24420,542012,322
1771342688.923117,24420,552610,325
1771342689.043194,24420,537470,318
1771342689.167410,24420,542012,323
1771342689.291068,24420,551096,325
1771342689.411389,24420,542012,321
1771342689.536254,24420,540498,316
1771342689.659199,24420,551096,315
1771342689.784934,24420,564722,323
1771342689.904896,24420,576834,331
1771342690.027493,24420,585918,336
1771342690.151450,24420,604256,351
1771342690.275505,24420,608628,353
1771342690.401681,24420,622254,360
1771342690.523055,24420,634366,370
1771342690.643196,24420,654048,384
1771342690.768581,24420,666160,391
1771342690.891206,24420,676758,397
1771342691.015861,24420,702496,420
1771342691.140114,24420,723692,431
1771342691.263172,24420,732776,434
1771342691.385389,24420,464798,204
1771342691.508027,24420,436032,154
1771342691.631702,24420,566236,219
1771342691.752608,24420,925054,404
1771342691.875149,24420,981072,539
1771342691.995227,24420,1053744,618
1771342692.120750,24420,1097650,644
1771342692.244004,24420,1159724,679
1771342692.368155,24420,1230882,737
1771342692.489956,24420,1324750,795
1771342692.611200,24420,1397464,839
1771342692.735227,24420,1415590,847
1771342692.854492,24420,1495832,899
1771342692.975070,24420,1545794,931
1771342693.096173,24420,1589700,956
1771342693.219570,24420,1606354,970
1771342693.340974,24420,1650260,997
1771342693.464743,24420,1691138,1024
1771342693.589087,24420,1733530,1051
1771342693.709569,24420,1756240,1065
1771342693.831779,24420,1804688,1022
1771342693.956056,24420,1844052,916
1771342694.079185,24420,1889472,896
1771342694.203256,24420,1869000,908
1771342694.323404,24420,1962144,926
1771342694.444001,24425,1983340,934
1771342694.569866,24431,1995452,943
1771342694.691416,24436,1894014,903
1771342694.815424,24436,1680540,791
1771342694.940041,24436,1594242,731
1771342695.063495,24436,1562448,729
1771342695.187775,24436,1606524,804
1771342695.311999,24436,1623008,800
1771342695.435649,24436,1630578,733
1771342695.560357,24436,1636634,808
1771342695.682504,24436,1683568,739
1771342695.805503,24436,1701736,785
1771342695.928114,24436,1706278,863
1771342696.054517,24436,1722932,753
1771342696.177814,24436,1745642,809
1771342696.303172,24436,1756240,754
1771342696.429166,24436,1756240,720
1771342696.554094,24436,1775922,774
1771342696.676769,24436,1781978,774
1771342696.801483,24436,1810744,704
1771342696.926299,24436,1812258,733
1771342697.048799,24436,1815286,703
1771342697.168823,24436,1809230,736
1771342697.292733,24436,1794090,688
1771342697.412130,24436,1807716,729
1771342697.535570,24436,1818314,693
1771342697.660764,24436,1839510,742
1771342697.782585,24436,1789000,699
1771342697.904500,24436,1789000,736
1771342698.027386,24436,1841024,706
1771342698.147931,24436,1853136,724
1771342698.273558,24436,1833454,712
1771342698.396179,24436,1856164,725
1771342698.523228,24436,1823000,735
1771342698.648918,24436,1868276,710
1771342698.772876,24436,1854650,733
1771342698.894141,24436,1823000,709
1771342699.016594,24436,1857678,739
1771342699.140527,24436,1856164,695
1771342699.263459,24436,1848594,731
1771342699.389473,24436,1862220,699
1771342699.511159,24436,1860706,738
1771342699.633059,24436,1856164,700
1771342699.754010,24436,1856164,723
1771342699.874535,24436,1823000,730
1771342699.995065,24436,1863734,694
1771342700.115226,24436,1845566,725
1771342700.235914,24436,1850278,688
1771342700.360333,24436,1856164,727
1771342700.483482,24436,1854650,689
1771342700.608694,24436,1837996,720
1771342700.731910,24436,1833454,688
1771342700.856050,24436,1842708,713
1771342700.981289,24436,1848764,693
1771342701.103945,24436,1789000,589
1771342701.228955,24436,1834968,552
1771342701.350269,24436,1839510,557
1771342701.471191,24436,1844052,553
1771342701.591131,24436,1833454,553
1771342701.712325,24436,1527626,383
1771342701.835612,24436,1347460,314
1771342701.959814,24436,1339890,259
1771342702.083082,24436,1507944,345
1771342702.207244,24436,1794090,480
1771342702.331871,24436,1897042,548
1771342702.456096,24436,1850108,562
1771342702.580514,24436,1901584,585
1771342702.701212,24436,1925808,590
1771342702.823260,24436,1945490,580
1771342702.944041,24436,1953060,592
1771342703.068154,24436,1974256,596
1771342703.188239,24436,1983340,601
1771342703.308297,24448,1992424,621
1771342703.429282,24449,1892500,594
1771342703.550884,24449,1571532,525
1771342703.672173,24449,1467066,463
1771342703.792542,24449,1438300,518
1771342703.916348,24449,1476150,473
1771342704.036853,24449,1544280,493
1771342704.157743,24449,1600468,517
1771342704.280126,24449,1665570,542
1771342704.401384,24449,1695850,575
1771342704.526169,24449,1728988,617
1771342704.648694,24449,1810744,665
1771342704.772404,24449,1856164,673
1771342704.895742,24449,1909154,701
1771342705.019673,24449,1968200,748
1771342705.144572,24459,1996966,802
1771342705.265253,24489,1984854,803
1771342705.387817,24490,1763810,712
1771342705.512182,24490,1536710,566
1771342705.637281,24490,1527626,581
1771342705.759838,24490,1520056,622
1771342705.883978,24490,1539738,634
1771342706.008334,24490,1579102,653
1771342706.131985,24490,1610896,666
1771342706.259362,24490,1686596,702
1771342706.383971,24490,1738072,726
1771342706.508187,24490,1738072,793
1771342706.635644,24490,1818314,891
1771342706.762789,24490,1868276,950
1771342706.887116,24490,1945490,953
1771342707.010785,24498,1990910,995
1771342707.138080,24519,1999994,1001
1771342707.261519,24524,1854990,904
1771342707.386937,24524,1664056,789
1771342707.510617,24524,1566990,727
1771342707.635544,24524,1553364,758
1771342707.762175,24524,1574560,789
1771342707.886843,24524,1632092,820
1771342708.011301,24524,1682054,820
1771342708.138970,24524,1756240,888
1771342708.262901,24524,1906126,931
1771342708.383063,24524,1930350,973
1771342708.504718,24524,1921266,950
1771342708.629039,24524,1972742,978
1771342708.751285,24543,1986422,1003
1771342708.872525,24574,1987882,985
1771342708.995661,24574,1880388,947
1771342709.119345,24574,1850108,921
1771342709.240657,24574,1889472,934
1771342709.362095,24574,1937920,968
1771342709.483763,24574,1921266,943
1771342709.604888,24574,1951546,966
1771342709.729154,24591,1995452,1004
1771342709.851931,24636,1987882,974
1771342709.976694,24654,1960630,984
1771342710.100907,24654,1939434,967
1771342710.220610,24654,1981996,986
1771342710.347697,24699,1999994,996
1771342710.467226,24722,1945490,969
1771342710.587574,24722,1754726,879
1771342710.718628,24722,1751698,882
1771342710.842303,24722,1736728,862
1771342710.965651,24722,1795604,885
1771342711.091203,24722,1863734,932
1771342711.215662,24722,1915210,947
1771342711.343202,24754,1996966,1000
1771342711.469083,24796,1995452,992
1771342711.594660,24804,1857678,934
1771342711.720793,24804,1765324,891
1771342711.844788,24804,1763810,886
1771342711.971116,24804,1921266,957
1771342712.093552,24804,1453440,722
1771342712.216542,24804,136260,66
1771342712.335925,24804,31794,11
1771342712.456350,24804,307342,130
1771342712.579664,24804,523844,254
1771342712.703304,24804,576834,283
1771342712.824107,24804,576834,292
1771342712.943548,24804,587432,289
1771342713.063006,24804,578348,298
1771342713.184013,24804,581376,289
1771342713.308320,24804,566236,279
1771342713.432912,24804,573806,289
1771342713.552517,24804,579862,288
1771342713.675892,24804,567750,281
1771342713.799326,24804,578348,293
1771342713.919687,24804,584404,290
1771342714.043773,24804,573806,277
1771342714.167647,24804,578518,288
1771342714.287085,24804,569434,283
1771342714.408590,24804,576834,286
1771342714.527926,24804,593488,307
1771342714.649589,24804,593488,288
1771342714.771222,24804,590460,290
1771342714.895421,24804,588946,291
1771342715.016114,24804,584404,288
1771342715.142064,24804,593488,305
1771342715.266210,24804,582890,291
1771342715.389112,24804,590460,283
1771342715.512548,24804,587432,300
1771342715.635601,24804,590460,296
1771342715.759475,24804,595002,288
1771342715.884051,24804,584000,305
1771342716.007463,24804,599544,303
1771342716.130956,24804,595002,288
1771342716.256361,24804,585918,298
1771342716.376443,24804,596516,290
1771342716.499723,24804,601058,305
1771342716.624451,24804,590460,299
1771342716.745377,24804,599544,293
1771342716.866493,24804,599544,306
1771342716.992307,24804,605600,294
1771342717.116932,24804,610142,306
1771342717.240237,24804,599544,284
1771342717.365907,24804,608628,282
1771342717.489830,24804,616198,301
1771342717.611811,24804,605600,277
1771342717.735735,24804,611656,301
1771342717.856434,24804,605600,277
1771342717.976442,24804,605600,297
1771342718.095720,24804,607114,279
1771342718.221622,24804,596000,304
1771342718.344369,24804,608628,285
1771342718.466843,24804,611656,296
1771342718.586814,24804,605600,282
1771342718.707214,24804,613170,304
1771342718.826763,24804,611656,280
1771342718.946384,24804,613170,301
1771342719.067272,24804,623768,290
1771342719.191793,24804,610142,302
1771342719.314320,24804,626796,282
1771342719.438969,24804,623768,304
1771342719.562086,24804,613170,309
1771342719.686931,24804,619226,339
1771342719.811082,24804,605600,335
1771342719.931082,24804,622254,347
1771342720.050610,24804,632852,352
1771342720.172295,24804,625282,349
1771342720.294527,24804,625282,349
1771342720.420254,24804,631338,352
1771342720.543950,24804,649506,363
1771342720.671127,24804,661618,370
1771342720.793491,24804,666160,378
1771342720.915192,24804,682814,384
1771342721.037417,24804,685842,386
1771342721.160420,24804,689000,398
1771342721.283970,24804,713094,405
1771342721.407746,24804,720664,411
1771342721.531948,24804,741860,422
1771342721.653340,24804,734290,424
1771342721.775768,24804,760028,439
1771342721.895970,24804,773654,449
1771342722.017273,24804,793336,462
1771342722.139596,24804,797878,370
1771342722.262966,24804,814532,362
1771342722.383797,24804,840270,374
1771342722.506698,24804,542012,241
1771342722.629111,24804,535956,188
1771342722.749417,24804,622254,213
1771342722.873884,24804,979558,376
1771342722.993831,24804,1082510,480
1771342723.114139,24804,1123388,502
1771342723.234867,24804,1179746,532
1771342723.359586,24804,1259648,561
1771342723.483127,24804,1321722,669
1771342723.603328,24804,1411048,804
1771342723.723915,24804,1438300,824
1771342723.844059,24804,1517028,865
1771342723.965420,24804,1589700,905
1771342724.086750,24804,1675998,953
1771342724.212648,24804,1695680,969
1771342724.333852,24804,1747156,996
1771342724.456457,24804,1755000,1027
1771342724.576035,24804,1842538,1054
1771342724.696023,24804,1868276,1073
1771342724.819518,24804,1910668,1100
1771342724.944090,24804,1945490,1090
1771342725.067611,24804,1986368,1005
1771342725.187682,24815,1993938,893
1771342725.311439,24825,1957602,745
1771342725.435795,24825,1694166,665
1771342725.560632,24825,1595756,593
1771342725.681060,24825,1630578,705
1771342725.803389,24825,1607868,752
1771342725.924622,24825,1656316,809
1771342726.045390,24825,1698708,811
1771342726.167291,24825,1753212,823
1771342726.287942,24825,1736558,838
1771342726.411329,24825,1789548,837
1771342726.531026,24825,1813772,868
1771342726.654388,24825,1841024,875
1771342726.775972,24825,1830426,885
1771342726.899892,24825,1859192,895
1771342727.026711,24825,1862220,890
1771342727.148302,24825,1877360,910
1771342727.269964,24825,1863734,893
1771342727.394433,24825,1881902,932
1771342727.516665,24825,1894014,890
1771342727.637622,24825,1904612,933
1771342727.762837,24825,1919752,911
1771342727.883451,24825,1927322,924
1771342728.007267,24825,1937920,954
1771342728.127001,24825,1940948,912
1771342728.247334,24825,1954744,954
1771342728.368679,24825,1940948,936
1771342728.491541,24825,1954574,937
1771342728.615527,24825,1948518,879
1771342728.742159,24825,1940948,804
1771342728.863239,24825,1927322,799
1771342728.985261,24825,1935062,777
1771342729.108976,24825,1936406,738
1771342729.232368,24825,1951546,755
1771342729.353725,24825,1954574,722
1771342729.475259,24825,1948518,736
1771342729.596048,24825,1960630,744
1771342729.720002,24825,1962144,733
1771342729.843408,24825,1966686,759
1771342729.963426,24825,1962144,725
1771342730.088114,24825,1963658,742
1771342730.214016,24825,1954574,756
1771342730.336405,24825,1962144,721
1771342730.459436,24825,1951546,745
1771342730.578830,24825,1950032,728
1771342730.698191,24825,1927322,715
1771342730.824648,24825,1937920,742
1771342730.944636,24825,1921266,700
1771342731.067374,24825,1927322,717
1771342731.187167,24825,1930350,723
1771342731.308401,24825,1931864,715
1771342731.433700,24825,1919752,737
1771342731.557224,24825,1916724,696
1771342731.679620,24825,1922780,724
1771342731.799511,24825,1924294,723
1771342731.920043,24825,1922780,713
1771342732.040653,24825,1907640,734
1771342732.161733,24825,1910668,699
1771342732.284238,24825,1894184,703
1771342732.409016,24825,1912182,709
1771342732.532198,24825,1883416,702
1771342732.653202,24825,1884930,636
1771342732.773334,24825,1783492,516
1771342732.895776,24825,1324750,304
1771342733.018891,24825,1236938,266
1771342733.140407,24825,1252248,234
1771342733.265485,24825,1677512,429
1771342733.389578,24825,1877360,514
1771342733.509657,24825,1898556,564
1771342733.632399,24825,1906126,573
1771342733.752898,24826,1993938,606
1771342733.874684,24829,1942462,585
1771342733.997662,24829,1927322,594
1771342734.119196,24829,1794090,557
1771342734.238909,24829,1759268,583
1771342734.358416,24829,1786520,606
1771342734.480604,24829,1769866,609
1771342734.602995,24829,1772894,604
1771342734.724120,24829,1889472,659
1771342734.850227,24829,1863734,639
1771342734.969938,24829,1910668,670
1771342735.091866,24829,1945490,672
1771342735.215358,24829,1992424,686
1771342735.335571,24852,1989396,705
1771342735.459949,24855,1845566,661
1771342735.584293,24855,1548000,570
1771342735.708418,24855,1542766,548
1771342735.828542,24855,1485234,576
1771342735.952436,24855,1557906,616
1771342736.076133,24855,1586672,622
1771342736.199704,24855,1644204,652
1771342736.323412,24855,1716876,676
1771342736.447802,24855,1707792,679
1771342736.575442,24855,1774408,709
1771342736.697051,24855,1871304,744
1771342736.820417,24855,1868276,746
1771342736.943127,24855,1966686,786
1771342737.067106,24855,1983340,787
1771342737.193378,24888,1992424,808
1771342737.315515,24902,1890986,770
1771342737.434758,24902,1671456,692
1771342737.559339,24902,1633606,638
1771342737.680330,24902,1615480,650
1771342737.805672,24902,1629064,665
1771342737.928502,24902,1669942,683
1771342738.054326,24902,1718390,703
1771342738.177176,24902,1804688,749
1771342738.302402,24902,1862390,759
1771342738.427111,24902,1842538,767
1771342738.549517,24903,1998480,830
1771342738.672500,24938,1936406,803
1771342738.795577,24938,1883416,800
1771342738.922730,24938,1717046,740
1771342739.047576,24938,1686596,709
1771342739.169704,24938,1687000,730
1771342739.293535,24938,1736558,725
1771342739.416461,24938,1713848,733
1771342739.540319,24938,1881902,795
1771342739.660816,24938,1850108,780
1771342739.781922,24938,1969714,840
1771342739.904352,24948,1995452,824
1771342740.026442,24984,1989396,799
1771342740.147863,24986,1933378,839
1771342740.269135,24986,1837996,808
1771342740.392281,24986,1792576,798
1771342740.516469,24986,1884930,812
1771342740.636818,24986,1839510,785
1771342740.757513,24986,1956088,842
1771342740.877842,24986,1986486,853
1771342740.998181,25024,1995452,872
1771342741.118814,25061,1975770,863
1771342741.239545,25061,1836482,795
1771342741.366737,25061,1813772,800
1771342741.487770,25061,1930350,831
1771342741.612716,25061,1898556,818
1771342741.735269,25061,1992424,849
1771342741.861381,25085,1993938,862
1771342741.984687,25128,1989396,866
1771342742.108610,25128,1907640,865
1771342742.232225,25128,1862220,882
1771342742.356151,25128,1915210,912
1771342742.480141,25128,1930350,914
1771342742.602915,25128,1898556,870
1771342742.723148,25128,1954574,909
1771342742.844811,25136,1998480,939
1771342742.967696,25186,1993938,943
1771342743.091950,25213,1936406,912
1771342743.215599,25213,1305068,626
1771342743.339212,25213,0,0
1771342743.463797,25213,0,0
1771342743.587044,25213,290688,129
1771342743.707504,25213,331566,146
1771342743.832621,25213,399696,177
1771342743.955078,25213,454200,197
1771342744.075187,25213,452686,198
1771342744.196067,25213,475566,209
1771342744.319858,25213,472368,202
1771342744.442959,25213,478424,205
1771342744.564377,25213,481452,208
1771342744.688170,25213,478424,214
1771342744.812239,25213,485994,219
1771342744.936351,25213,485994,216
1771342745.062860,25213,490536,213
1771342745.186888,25213,501134,217
1771342745.309642,25213,484480,213
1771342745.432553,25213,495078,217
1771342745.555852,25213,489022,218
1771342745.678899,25213,498106,221
1771342745.801528,25213,484480,215
1771342745.929882,25213,496592,220
1771342746.053084,25213,487508,216
1771342746.178173,25213,485994,210
1771342746.298346,25213,499620,212
1771342746.420499,25213,499620,210
1771342746.540300,25213,495078,212
1771342746.663334,25213,511732,214
1771342746.789909,25213,501134,213
1771342746.914840,25213,501212,216
1771342747.034954,25213,510218,230
1771342747.159059,25213,505676,231
1771342747.278753,25213,508704,237
1771342747.398321,25213,508704,230
1771342747.518402,25213,513246,228
1771342747.639722,25213,513246,230
1771342747.763887,25213,513246,230
1771342747.887855,25213,507190,225
1771342748.011488,25213,513246,229
1771342748.136720,25213,516274,234
1771342748.259642,25213,517788,232
1771342748.386699,25213,507190,228
1771342748.510305,25213,510218,234
1771342748.634466,25213,525358,239
1771342748.758450,25213,522330,237
1771342748.882651,25213,523844,239
1771342749.006224,25213,526872,236
1771342749.130381,25213,531414,245
1771342749.251352,25213,519302,239
1771342749.376173,25213,532928,247
1771342749.502809,25213,532928,252
1771342749.624518,25213,538984,253
1771342749.747279,25213,545040,272
1771342749.867471,25213,537470,271
1771342749.992825,25213,543526,268
1771342750.115665,25213,540498,266
1771342750.241180,25213,534442,259
1771342750.363753,25213,534442,263
1771342750.486103,25213,534442,269
1771342750.611170,25213,535956,276
1771342750.734560,25213,540498,278
1771342750.859009,25213,531414,265
1771342750.981774,25213,542012,267
1771342751.102380,25213,538984,257
1771342751.224432,25213,546724,266
1771342751.348492,25213,555638,283
1771342751.473655,25213,543526,282
1771342751.599853,25213,552610,276
1771342751.724335,25213,560180,279
1771342751.848909,25213,555638,271
1771342751.973532,25213,575320,284
1771342752.094892,25213,585918,337
1771342752.216647,25213,588946,341
1771342752.340593,25213,614684,357
1771342752.461736,25213,622254,360
1771342752.584553,25213,641936,372
1771342752.708750,25213,644964,377
1771342752.832737,25213,667674,389
1771342752.956465,25213,687356,405
1771342753.078812,25213,694926,411
1771342753.199481,25213,689000,416
1771342753.324427,25213,726720,435
1771342753.445163,25213,752458,406
1771342753.566952,25213,625282,324
1771342753.687773,25213,446630,162
1771342753.807765,25213,476910,168
1771342753.931837,25213,847840,336
1771342754.054792,25213,965932,454
1771342754.175545,25213,998000,520
1771342754.300305,25213,1085538,588
1771342754.420937,25213,1176378,692
1771342754.540850,25213,1217256,699
1771342754.661372,25213,1277816,752
1771342754.782026,25213,1347460,795
1771342754.902879,25213,1433758,822
1771342755.023436,25213,1477664,847
1771342755.148375,25213,1553364,881
1771342755.272220,25213,1579272,907
1771342755.396548,25213,1582000,931
1771342755.520213,25213,1657830,951
1771342755.644536,25213,1709306,984
1771342755.768488,25213,1735044,985
1771342755.889109,25213,1779120,941
1771342756.013227,25213,1812258,949
1771342756.135381,25213,1848594,930
1771342756.260473,25213,1895528,914
1771342756.385566,25213,1931864,867
1771342756.507707,25213,1971228,883
1771342756.628166,25218,1990910,895
1771342756.752359,25234,1992424,898
1771342756.871659,25238,1810744,829
1771342756.999894,25238,1554878,666
1771342757.122697,25238,1559420,665
1771342757.245743,25238,1588186,912
1771342757.365100,25238,1600298,927
1771342757.488484,25238,1636634,874
1771342757.611866,25238,1644204,839
1771342757.735057,25238,1668428,850
1771342757.855826,25238,1686596,883
1771342757.975958,25238,1707792,857
1771342758.099299,25238,1712334,895
1771342758.219820,25238,1733530,877
1771342758.341758,25238,1750184,887
1771342758.463096,25238,1757754,788
1771342758.585837,25238,1785006,797
1771342758.707471,25238,1794090,803
1771342758.831337,25238,1803174,807
1771342758.958042,25238,1798632,804
1771342759.079995,25238,1800146,804
1771342759.203581,25238,1813772,812
1771342759.327020,25238,1836482,820
1771342759.447469,25238,1789000,817
1771342759.571394,25238,1833454,732
1771342759.693607,25238,1847080,669
1771342759.817831,25238,1857678,707
1771342759.942541,25238,1857678,666
1771342760.062525,25238,1839510,691
1771342760.185118,25238,1837996,687
1771342760.308309,25238,1842538,673
1771342760.432657,25238,1844052,680
1771342760.553112,25238,1842538,664
1771342760.675008,25238,1854650,699
1771342760.795307,25238,1823000,667
1771342760.918761,25238,1868276,705
1771342761.039803,25238,1878874,681
1771342761.161888,25238,1863734,687
1771342761.284072,25238,1869960,681
1771342761.407706,25238,1874332,681
1771342761.531678,25238,1865248,700
1771342761.657253,25238,1859192,658
1771342761.779686,25238,1862390,702
1771342761.905153,25238,1860876,661
1771342762.025153,25238,1854650,695
1771342762.147800,25238,1854650,654
1771342762.271386,25238,1850108,693
1771342762.393957,25238,1839510,664
1771342762.516760,25238,1844052,679
1771342762.640128,25238,1850108,655
1771342762.763583,25238,1853136,682
1771342762.887443,25238,1854650,687
1771342763.008648,25238,1851622,652
1771342763.131067,25238,1850108,694
1771342763.253793,25238,1837996,646
1771342763.376007,25238,1844052,688
1771342763.498396,25238,1830426,642
1771342763.621811,25238,1837996,687
1771342763.741345,25238,1789000,654
1771342763.861140,25238,1763810,663
1771342763.984692,25238,1358058,432
1771342764.108542,25238,1335348,396
1771342764.231691,25238,1330976,351
1771342764.356544,25238,1679026,483
1771342764.480679,25238,1813772,481
1771342764.602787,25238,1868276,542
1771342764.723813,25238,1897042,568
1771342764.847918,25238,1886444,565
1771342764.973310,25238,1915210,581
1771342765.097206,25238,1938090,594
1771342765.219847,25238,1953060,597
1771342765.339702,25238,1960630,602
1771342765.463805,25240,1986368,618
1771342765.583911,25246,1989396,620
1771342765.705217,25247,1819828,588
1771342765.826625,25247,1544280,501
1771342765.947814,25247,1424674,491
1771342766.071564,25247,1442842,519
1771342766.192347,25247,1512486,488
1771342766.317336,25247,1580616,516
1771342766.441130,25247,1651774,544
1771342766.560864,25247,1659344,589
1771342766.684869,25247,1733530,641
1771342766.810346,25247,1798632,656
1771342766.931125,25247,1818314,675
1771342767.050426,25247,1872818,745
1771342767.174972,25247,1934892,778
1771342767.295829,25247,1999994,809
1771342767.420846,25280,1990910,813
1771342767.544479,25283,1816800,747
1771342767.666693,25283,1594242,612
1771342767.787433,25283,1547308,579
1771342767.907854,25283,1523084,629
1771342768.032435,25283,1536710,639
1771342768.152528,25283,1586672,656
1771342768.275400,25283,1621494,673
1771342768.399919,25283,1697194,707
1771342768.528432,25283,1700222,711
1771342768.652136,25283,1760782,737
1771342768.778262,25283,1839510,767
1771342768.899604,25283,1863734,785
1771342769.025980,25283,1916894,819
1771342769.146482,25284,1998650,851
1771342769.267215,25306,1990910,848
1771342769.388226,25322,1947004,842
1771342769.509536,25322,1739586,766
1771342769.629706,25322,1624522,689
1771342769.749703,25322,1582000,695
1771342769.870989,25322,1613924,695
1771342769.993355,25322,1653288,723
1771342770.117008,25322,1716876,749
1771342770.241532,25322,1733000,777
1771342770.365737,25322,1848764,808
1771342770.489256,25322,1936406,854
1771342770.613699,25322,1925808,855
1771342770.735532,25332,1993938,870
1771342770.860442,25347,1995452,878
1771342770.981440,25356,1897042,862
1771342771.104171,25356,1862220,854
1771342771.225865,25356,1847080,860
1771342771.349521,25356,1871304,853
1771342771.472319,25356,1943976,883
1771342771.597487,25356,1940948,896
1771342771.720011,25361,1993938,905
1771342771.844798,25382,1990910,898
1771342771.969175,25387,1919752,904
1771342772.096981,25387,1910668,920
1771342772.218950,25387,1945490,934
1771342772.340358,25391,1993938,939
1771342772.460604,25436,1993938,933
1771342772.584019,25450,1951546,940
1771342772.708779,25450,1821342,877
1771342772.828875,25450,1794090,857
1771342772.952749,25450,1765324,839
1771342773.075627,25450,1825884,873
1771342773.200556,25450,1931864,915
1771342773.324867,25459,1994108,948
1771342773.446178,25508,1989396,949
1771342773.568239,25541,1971228,967
1771342773.693810,25541,1837996,912
1771342773.815975,25541,1921436,931
1771342773.940002,25541,1922780,913
1771342774.063780,25541,1987882,970
1771342774.188671,25603,1995452,967
1771342774.312506,25631,1356544,658
1771342774.436200,25631,0,0
1771342774.559450,25631,0,0
1771342774.683946,25631,295230,133
1771342774.811700,25631,339136,165
1771342774.937730,25631,407266,200
1771342775.059728,25631,446630,227
1771342775.180093,25631,463284,232
1771342775.305853,25631,466312,229
1771342775.429557,25631,482966,237
1771342775.549134,25631,478424,238
1771342775.672920,25631,482966,242
1771342775.793541,25631,490536,250
1771342775.913781,25631,482000,247
1771342776.032840,25631,496592,248
1771342776.153446,25631,481452,241
1771342776.273416,25631,485994,243
1771342776.395371,25631,475396,235
1771342776.519752,25631,482966,237
1771342776.644047,25631,487508,241
1771342776.768453,25631,495078,250
1771342776.891585,25631,495078,252
1771342777.015255,25631,484480,246
1771342777.139962,25631,484480,247
1771342777.260573,25631,495078,247
1771342777.383458,25631,496592,246
1771342777.503789,25631,499620,245
1771342777.626742,25631,496762,248
1771342777.750783,25631,482966,239
1771342777.875122,25631,510218,249
1771342777.998981,25631,502648,248
1771342778.122915,25631,507190,247
1771342778.244307,25631,493734,242
1771342778.367465,25631,502648,246
1771342778.487800,25631,510218,264
1771342778.613251,25631,495078,262
1771342778.734144,25631,505676,267
1771342778.857579,25631,504162,268
1771342778.979681,25631,511732,271
1771342779.101209,25631,511732,268
1771342779.220552,25631,513246,268
1771342779.341528,25631,516274,263
1771342779.462177,25631,504162,260
1771342779.584672,25631,510218,263
1771342779.707237,25631,520816,267
1771342779.831052,25631,516274,263
1771342779.950882,25631,525358,270
1771342780.070970,25631,534442,277
1771342780.191615,25631,532928,283
1771342780.311993,25631,525358,280
1771342780.432919,25631,520816,275
1771342780.553284,25631,516000,268
1771342780.673153,25631,516000,268
1771342780.793598,25631,532928,276
1771342780.916088,25631,525358,274
1771342781.040206,25631,540498,283
1771342781.164181,25631,532928,291
1771342781.285194,25631,538984,280
1771342781.405199,25631,516000,268
1771342781.526935,25631,543526,279
1771342781.648251,25631,555638,293
1771342781.767422,25631,542012,293
1771342781.888680,25631,552610,282
1771342782.008534,25631,557152,276
1771342782.129135,25631,548068,283
1771342782.249663,25631,546554,293
1771342782.371883,25631,532928,275
1771342782.496254,25631,546554,280
1771342782.623265,25631,549582,278
1771342782.747132,25631,555638,288
1771342782.870990,25631,552610,296
1771342782.994783,25631,551096,295
1771342783.118650,25631,564722,295
1771342783.243359,25631,578518,289
1771342783.371194,25631,585918,291
1771342783.499997,25631,584404,302
1771342783.627696,25631,617712,331
1771342783.755121,25631,626796,317
1771342783.879748,25631,641936,346
1771342784.007452,25631,657076,357
1771342784.136156,25631,664646,406
1771342784.263630,25631,682814,417
1771342784.392342,25631,689000,430
1771342784.514024,25631,711580,429
1771342784.636875,25631,734290,351
1771342784.759857,25631,428462,185
1771342784.885874,25631,460256,160
1771342785.006233,25631,797878,325
1771342785.127205,25631,934138,450
1771342785.248712,25631,1006810,605
1771342785.373284,25631,1046174,639
1771342785.493851,25631,1130958,686
1771342785.614324,25631,1170322,713
1771342785.737874,25631,1244508,754
1771342785.862334,25631,1273000,793
1771342785.984622,25631,1397422,845
1771342786.108609,25631,1448898,878
1771342786.229595,25631,1477664,896
1771342786.353057,25631,1548822,939
1771342786.476725,25631,1580616,960
1771342786.600703,25631,1627550,987
1771342786.724450,25631,1645718,1001
1771342786.848598,25631,1700222,1037
1771342786.972409,25631,1721418,1052
1771342787.096984,25631,1763810,1078
1771342787.221731,25631,1791062,1051
1771342787.344533,25631,1841024,900
1771342787.468188,25631,1887958,903
1771342787.592243,25631,1916724,915
1771342787.716246,25631,1953060,929
1771342787.840221,25631,1990910,947
1771342787.964428,25650,1999994,954
1771342788.088323,25651,1939434,927
1771342788.213136,25651,1630748,790
1771342788.337191,25651,1561104,755
1771342788.460400,25651,1595756,970
1771342788.584292,25651,1576074,966
1771342788.705286,25651,1632092,965
1771342788.828125,25651,1644204,904
1771342788.949121,25651,1650260,895
1771342789.069572,25651,1668598,822
1771342789.192662,25651,1714018,822
1771342789.314550,25651,1718390,819
1771342789.436429,25651,1722932,822
1771342789.559384,25651,1741100,831
1771342789.679472,25651,1756240,836
1771342789.803467,25651,1775922,844
1771342789.928203,25651,1781978,849
1771342790.048293,25651,1798632,858
1771342790.173247,25651,1795604,854
1771342790.293993,25651,1807716,857
1771342790.415880,25651,1810744,860
1771342790.540428,25651,1818314,843
1771342790.660613,25651,1816800,741
1771342790.784414,25651,1828912,730
1771342790.907992,25651,1827398,723
1771342791.031780,25651,1844052,742
1771342791.158289,25651,1847080,715
1771342791.280064,25651,1830596,738
1771342791.403400,25651,1789000,707
1771342791.528683,25651,1844052,742
1771342791.653936,25651,1845566,704
1771342791.775622,25651,1850278,748
1771342791.895191,25651,1854820,714
1771342792.015899,25651,1854650,744
1771342792.139833,25651,1862220,710
1771342792.260691,25651,1847080,729
1771342792.384169,25651,1856164,724
1771342792.503881,25651,1854650,702
1771342792.624753,25651,1854650,741
1771342792.748039,25651,1854650,707
1771342792.870756,25651,1859192,742
1771342792.991637,25651,1865248,703
1771342793.115832,25651,1874332,747
1771342793.240107,25651,1837996,689
1771342793.365549,25651,1848594,727
1771342793.487439,25651,1844052,702
1771342793.606844,25651,1857678,724
1771342793.731280,25651,1842538,727
1771342793.852410,25651,1847080,693
1771342793.973940,25651,1847080,736
1771342794.095177,25651,1850108,695
1771342794.215699,25651,1836482,724
1771342794.339405,25651,1845566,690
1771342794.466293,25651,1825884,726
1771342794.590068,25651,1789000,685
1771342794.712268,25651,1822856,711
1771342794.838299,25651,1836482,684
1771342794.961443,25651,1768352,690
1771342795.085507,25651,1371684,440
1771342795.211552,25651,1336862,425
1771342795.335395,25651,1348974,372
1771342795.465236,25651,1674484,549
1771342795.589880,25651,1818314,601
1771342795.710631,25651,1904612,722
1771342795.833151,25651,1886444,637
1771342795.957498,25651,1889642,586
1771342796.082389,25651,1944146,614
